frame,timestamp,success,Anger,Disgust,Fear,Happiness,Neutral,Sadness,Surprise
0.000000000000000000e+00,0.000000000000000000e+00,1.000000000000000000e+00,2.222278527915477753e-02,3.607367873191833496e-01,1.503579616546630859e-01,2.268865471705794334e-03,9.391091018915176392e-02,3.395232260227203369e-01,3.097940050065517426e-02
6.000000000000000000e+00,2.000000029802322388e-01,1.000000000000000000e+00,4.915877431631088257e-02,5.548067688941955566e-01,2.191066928207874298e-02,4.813220817595720291e-03,1.427294164896011353e-01,2.134755998849868774e-01,1.310559455305337906e-02
1.200000000000000000e+01,4.000000059604644775e-01,1.000000000000000000e+00,1.612517051398754120e-02,9.114072918891906738e-01,5.752796307206153870e-03,3.964201023336499929e-04,1.944305188953876495e-02,4.521530121564865112e-02,1.660091802477836609e-03
1.800000000000000000e+01,6.000000238418579102e-01,1.000000000000000000e+00,6.674952805042266846e-02,5.211744308471679688e-01,4.045921191573143005e-02,4.635345656424760818e-03,1.589033007621765137e-01,1.896353065967559814e-01,1.844292879104614258e-02
2.400000000000000000e+01,8.000000119209289551e-01,1.000000000000000000e+00,2.880690433084964752e-02,8.914067149162292480e-01,9.771205484867095947e-03,2.679220866411924362e-03,3.973173722624778748e-02,2.276105992496013641e-02,4.843137226998806000e-03
3.000000000000000000e+01,1.000000000000000000e+00,1.000000000000000000e+00,4.572740942239761353e-02,7.024222016334533691e-01,1.925994828343391418e-02,4.301853943616151810e-03,1.055455505847930908e-01,1.128096953034400940e-01,9.933363646268844604e-03
3.600000000000000000e+01,1.200000047683715820e+00,1.000000000000000000e+00,5.268746986985206604e-02,7.844921946525573730e-01,1.318284124135971069e-02,3.858607728034257889e-03,6.373729556798934937e-02,7.662247866392135620e-02,5.419160239398479462e-03
4.200000000000000000e+01,1.399999976158142090e+00,1.000000000000000000e+00,2.102895081043243408e-02,8.908028006553649902e-01,4.358962178230285645e-03,3.107112832367420197e-03,3.543007001280784607e-02,4.198262467980384827e-02,3.289517248049378395e-03
4.800000000000000000e+01,1.600000023841857910e+00,1.000000000000000000e+00,3.435369580984115601e-02,7.676787376403808594e-01,2.243613125756382942e-03,5.081692710518836975e-03,4.732917621731758118e-02,1.420315653085708618e-01,1.281596021726727486e-03
5.400000000000000000e+01,1.799999952316284180e+00,1.000000000000000000e+00,4.556754976511001587e-02,8.566734194755554199e-01,2.484809607267379761e-03,1.963685499504208565e-03,1.723929122090339661e-02,7.549498230218887329e-02,5.761775537393987179e-04
6.000000000000000000e+01,2.000000000000000000e+00,1.000000000000000000e+00,4.176502674818038940e-02,7.907137870788574219e-01,5.242087412625551224e-03,2.464831247925758362e-02,5.205221101641654968e-02,8.260468393564224243e-02,2.974035218358039856e-03
6.600000000000000000e+01,2.200000047683715820e+00,1.000000000000000000e+00,2.168518491089344025e-02,7.238932847976684570e-01,1.083270739763975143e-02,6.329232454299926758e-02,8.663659542798995972e-02,8.034681528806686401e-02,1.331308297812938690e-02
7.200000000000000000e+01,2.400000095367431641e+00,1.000000000000000000e+00,1.752638630568981171e-02,7.965283393859863281e-01,1.598388515412807465e-02,2.017721906304359436e-02,5.257351323962211609e-02,8.746726065874099731e-02,9.743458591401576996e-03
7.800000000000000000e+01,2.599999904632568359e+00,1.000000000000000000e+00,1.591066829860210419e-02,7.007359862327575684e-01,2.563584037125110626e-02,9.092673659324645996e-03,5.137747898697853088e-02,1.845419704914093018e-01,1.270534563809633255e-02
8.400000000000000000e+01,2.799999952316284180e+00,1.000000000000000000e+00,1.419269200414419174e-02,5.898383855819702148e-01,4.255455359816551208e-02,1.215742528438568115e-02,7.080177962779998779e-02,2.517173886299133301e-01,1.873783580958843231e-02
9.000000000000000000e+01,3.000000000000000000e+00,1.000000000000000000e+00,1.077509205788373947e-02,6.240428686141967773e-01,3.569530695676803589e-02,7.742197718471288681e-03,4.979909211397171021e-02,2.615869343280792236e-01,1.035847142338752747e-02
9.600000000000000000e+01,3.200000047683715820e+00,1.000000000000000000e+00,1.010196004062891006e-02,3.702943921089172363e-01,2.230219542980194092e-01,1.421620231121778488e-02,8.367398381233215332e-02,2.372742593288421631e-01,6.141718477010726929e-02
1.020000000000000000e+02,3.400000095367431641e+00,1.000000000000000000e+00,1.127110049128532410e-02,4.192447066307067871e-01,2.122391462326049805e-01,1.134409569203853607e-02,6.378311663866043091e-02,2.306677848100662231e-01,5.145002156496047974e-02
1.080000000000000000e+02,3.599999904632568359e+00,1.000000000000000000e+00,8.824894204735755920e-03,4.028349220752716064e-01,2.501500248908996582e-01,1.114931888878345490e-02,6.592173129320144653e-02,1.946933269500732422e-01,6.642574816942214966e-02
1.140000000000000000e+02,3.799999952316284180e+00,1.000000000000000000e+00,7.980681955814361572e-03,4.747196137905120850e-01,1.509530991315841675e-01,9.942562319338321686e-03,6.331271678209304810e-02,2.598914206027984619e-01,3.319992497563362122e-02
1.200000000000000000e+02,4.000000000000000000e+00,1.000000000000000000e+00,1.016924157738685608e-02,6.801165938377380371e-01,8.053423464298248291e-02,7.856416516005992889e-03,5.523085966706275940e-02,1.390452831983566284e-01,2.704731374979019165e-02
1.260000000000000000e+02,4.199999809265136719e+00,1.000000000000000000e+00,6.939103361219167709e-03,6.477533578872680664e-01,4.842681437730789185e-02,9.527125395834445953e-03,5.154976248741149902e-02,2.205220609903335571e-01,1.528176106512546539e-02
1.320000000000000000e+02,4.400000095367431641e+00,1.000000000000000000e+00,1.496533956378698349e-02,4.665548205375671387e-01,1.303861737251281738e-01,9.957144036889076233e-03,7.266188412904739380e-02,2.643808126449584961e-01,4.109385982155799866e-02
1.380000000000000000e+02,4.599999904632568359e+00,1.000000000000000000e+00,6.736940238624811172e-03,5.750385522842407227e-01,1.018816083669662476e-01,5.070178769528865814e-03,3.139594197273254395e-02,2.649614214897155762e-01,1.491534989327192307e-02
1.440000000000000000e+02,4.800000190734863281e+00,1.000000000000000000e+00,1.040395814925432205e-02,5.745812058448791504e-01,7.066734880208969116e-02,7.225695066154003143e-03,4.536688327789306641e-02,2.743199169635772705e-01,1.743496209383010864e-02
1.500000000000000000e+02,5.000000000000000000e+00,1.000000000000000000e+00,1.855456829071044922e-02,4.800688028335571289e-01,1.835589483380317688e-02,1.326429471373558044e-02,6.989976018667221069e-02,3.932528793811798096e-01,6.603791844099760056e-03
1.560000000000000000e+02,5.199999809265136719e+00,1.000000000000000000e+00,1.488908287137746811e-02,5.155463814735412598e-01,1.745118200778961182e-02,1.064895465970039368e-02,4.556213319301605225e-02,3.859796524047851562e-01,9.922539815306663513e-03
1.620000000000000000e+02,5.400000095367431641e+00,1.000000000000000000e+00,1.334872003644704819e-02,4.903489351272583008e-01,2.002492919564247131e-02,7.403906434774398804e-03,3.649376705288887024e-02,4.242178797721862793e-01,8.161823265254497528e-03
1.680000000000000000e+02,5.599999904632568359e+00,1.000000000000000000e+00,1.064556743949651718e-02,5.347315073013305664e-01,3.512075915932655334e-02,1.398745644837617874e-02,6.284514069557189941e-02,3.245771825313568115e-01,1.809242367744445801e-02
1.740000000000000000e+02,5.800000190734863281e+00,1.000000000000000000e+00,1.067902054637670517e-02,4.936766028404235840e-01,5.063274130225181580e-02,8.403057232499122620e-03,4.660946875810623169e-02,3.752825856208801270e-01,1.471658144146203995e-02
1.800000000000000000e+02,6.000000000000000000e+00,1.000000000000000000e+00,1.000125147402286530e-02,5.653564333915710449e-01,5.558462068438529968e-02,9.945187717676162720e-03,5.057204887270927429e-02,2.910233438014984131e-01,1.751717180013656616e-02
1.860000000000000000e+02,6.199999809265136719e+00,1.000000000000000000e+00,9.281399659812450409e-03,5.718792080879211426e-01,1.012568473815917969e-01,1.290894672274589539e-02,4.906925186514854431e-02,2.275261431932449341e-01,2.807825431227684021e-02
1.920000000000000000e+02,6.400000095367431641e+00,1.000000000000000000e+00,7.810266688466072083e-03,4.331731796264648438e-01,1.586230099201202393e-01,1.657926104962825775e-02,6.820099055767059326e-02,2.726567089557647705e-01,4.295663535594940186e-02
1.980000000000000000e+02,6.599999904632568359e+00,1.000000000000000000e+00,7.517817895859479904e-03,4.098892509937286377e-01,2.166291177272796631e-01,1.132181659340858459e-02,5.718184262514114380e-02,2.564136683940887451e-01,4.104653373360633850e-02
2.040000000000000000e+02,6.800000190734863281e+00,1.000000000000000000e+00,6.482955534011125565e-03,3.000794053077697754e-01,3.705891668796539307e-01,1.278275251388549805e-02,5.750526860356330872e-02,1.774021536111831665e-01,7.515826076269149780e-02
2.100000000000000000e+02,7.000000000000000000e+00,1.000000000000000000e+00,1.587461307644844055e-02,4.866940379142761230e-01,1.988811977207660675e-02,1.400461420416831970e-02,5.148939788341522217e-02,4.070374369621276855e-01,5.011767148971557617e-03
2.160000000000000000e+02,7.199999809265136719e+00,1.000000000000000000e+00,1.771944947540760040e-02,4.882950484752655029e-01,2.868865057826042175e-02,2.916472777724266052e-02,8.380877226591110229e-02,3.383515477180480957e-01,1.397187262773513794e-02
2.220000000000000000e+02,7.400000095367431641e+00,1.000000000000000000e+00,1.021895278245210648e-02,4.288205504417419434e-01,1.265527158975601196e-01,1.265354268252849579e-02,6.426747143268585205e-02,3.213089108467102051e-01,3.617776557803153992e-02
2.280000000000000000e+02,7.599999904632568359e+00,1.000000000000000000e+00,1.031787786632776260e-02,4.807534813880920410e-01,9.406021237373352051e-02,1.713365316390991211e-02,9.525687992572784424e-02,2.564264237880706787e-01,4.605142027139663696e-02
2.340000000000000000e+02,7.800000190734863281e+00,1.000000000000000000e+00,9.897453710436820984e-03,5.026070475578308105e-01,1.430288106203079224e-01,1.459954027086496353e-02,6.694366037845611572e-02,2.212002575397491455e-01,4.172327369451522827e-02
2.400000000000000000e+02,8.000000000000000000e+00,1.000000000000000000e+00,1.198469474911689758e-02,5.218286514282226562e-01,1.257058382034301758e-01,1.959947310388088226e-02,8.209601044654846191e-02,1.857628524303436279e-01,5.302251875400543213e-02
2.460000000000000000e+02,8.199999809265136719e+00,1.000000000000000000e+00,1.192858349531888962e-02,4.888479411602020264e-01,1.429607272148132324e-01,1.477352622896432877e-02,7.092081755399703979e-02,2.270748615264892578e-01,4.349358379840850830e-02
2.520000000000000000e+02,8.399999618530273438e+00,1.000000000000000000e+00,1.144755259156227112e-02,3.615784347057342529e-01,1.499648094177246094e-01,2.283658832311630249e-02,1.204944550991058350e-01,2.730657756328582764e-01,6.061240658164024353e-02
2.580000000000000000e+02,8.600000381469726562e+00,1.000000000000000000e+00,1.099717803299427032e-02,5.269361138343811035e-01,6.222531944513320923e-02,1.306098606437444687e-02,6.550132483243942261e-02,3.039782047271728516e-01,1.730086654424667358e-02
2.640000000000000000e+02,8.800000190734863281e+00,1.000000000000000000e+00,1.122579164803028107e-02,5.405689477920532227e-01,3.188070282340049744e-02,2.614404447376728058e-02,1.078627854585647583e-01,2.631165385246276855e-01,1.920120231807231903e-02
2.700000000000000000e+02,9.000000000000000000e+00,1.000000000000000000e+00,1.542084477841854095e-02,4.777111709117889404e-01,1.030894368886947632e-01,2.717158757150173187e-02,1.080747768282890320e-01,2.267313599586486816e-01,4.180083796381950378e-02
2.760000000000000000e+02,9.199999809265136719e+00,1.000000000000000000e+00,1.834209263324737549e-02,4.700643122196197510e-01,1.469670981168746948e-01,2.711680158972740173e-02,1.040951833128929138e-01,1.671779304742813110e-01,6.623655557632446289e-02
2.820000000000000000e+02,9.399999618530273438e+00,1.000000000000000000e+00,1.949218474328517914e-02,4.618779122829437256e-01,1.294352263212203979e-01,4.340688511729240417e-02,1.358316987752914429e-01,1.324314922094345093e-01,7.752456516027450562e-02
2.880000000000000000e+02,9.600000381469726562e+00,1.000000000000000000e+00,1.434618048369884491e-02,5.093517899513244629e-01,8.080694824457168579e-02,7.376737892627716064e-02,1.447221785783767700e-01,1.023259386420249939e-01,7.467956840991973877e-02
2.940000000000000000e+02,9.800000190734863281e+00,1.000000000000000000e+00,1.604797691106796265e-02,3.935930728912353516e-01,1.425419896841049194e-01,5.979145690798759460e-02,1.730742901563644409e-01,8.371908962726593018e-02,1.312321424484252930e-01
3.000000000000000000e+02,1.000000000000000000e+01,1.000000000000000000e+00,1.265996135771274567e-02,4.482510089874267578e-01,9.807253628969192505e-02,6.617791950702667236e-02,1.882823258638381958e-01,8.243310451507568359e-02,1.041231304407119751e-01
3.060000000000000000e+02,1.019999980926513672e+01,1.000000000000000000e+00,2.420217357575893402e-02,3.470643460750579834e-01,1.106544062495231628e-01,7.653274387121200562e-02,2.233764529228210449e-01,1.034392789006233215e-01,1.147305890917778015e-01
3.120000000000000000e+02,1.039999961853027344e+01,1.000000000000000000e+00,2.284622006118297577e-02,2.046219557523727417e-01,1.192363947629928589e-01,5.182142928242683411e-02,2.975597083568572998e-01,1.909279972314834595e-01,1.129862442612648010e-01
3.180000000000000000e+02,1.060000038146972656e+01,1.000000000000000000e+00,2.004409581422805786e-02,2.168085724115371704e-01,2.445137351751327515e-01,5.079279467463493347e-02,2.077410221099853516e-01,9.449329972267150879e-02,1.656064838171005249e-01
3.240000000000000000e+02,1.080000019073486328e+01,1.000000000000000000e+00,2.223140746355056763e-02,2.874899506568908691e-01,1.514058411121368408e-01,6.887440383434295654e-02,2.359048128128051758e-01,6.566825509071350098e-02,1.684252917766571045e-01
3.300000000000000000e+02,1.100000000000000000e+01,1.000000000000000000e+00,2.141966670751571655e-02,2.210513204336166382e-01,1.170169413089752197e-01,8.326904475688934326e-02,3.036670386791229248e-01,6.926776468753814697e-02,1.843082755804061890e-01
3.360000000000000000e+02,1.119999980926513672e+01,1.000000000000000000e+00,1.956446655094623566e-02,2.913118898868560791e-01,2.247351109981536865e-01,4.022597521543502808e-02,1.839833557605743408e-01,8.228726685047149658e-02,1.578918993473052979e-01
3.420000000000000000e+02,1.139999961853027344e+01,1.000000000000000000e+00,2.247987873852252960e-02,2.564399242401123047e-01,1.350841522216796875e-01,6.249101459980010986e-02,2.823213636875152588e-01,1.063522696495056152e-01,1.348313540220260620e-01
3.480000000000000000e+02,1.160000038146972656e+01,1.000000000000000000e+00,2.236192300915718079e-02,3.515582680702209473e-01,1.795839071273803711e-01,3.841435909271240234e-02,1.826096326112747192e-01,1.110394895076751709e-01,1.144324019551277161e-01
3.540000000000000000e+02,1.180000019073486328e+01,1.000000000000000000e+00,1.503937412053346634e-02,3.580405414104461670e-01,1.149446442723274231e-01,2.940794639289379120e-02,2.676761746406555176e-01,1.479538381099700928e-01,6.693750619888305664e-02
3.600000000000000000e+02,1.200000000000000000e+01,1.000000000000000000e+00,1.814300380647182465e-02,3.781314194202423096e-01,1.661722511053085327e-01,2.541513741016387939e-02,1.892113089561462402e-01,1.371843367815017700e-01,8.574256300926208496e-02
3.660000000000000000e+02,1.219999980926513672e+01,1.000000000000000000e+00,1.951694115996360779e-02,1.382768601179122925e-01,3.737868368625640869e-01,1.539932843297719955e-02,9.657993167638778687e-02,6.702111661434173584e-02,2.894190251827239990e-01
3.720000000000000000e+02,1.239999961853027344e+01,1.000000000000000000e+00,1.908258162438869476e-02,2.520634829998016357e-01,3.355129659175872803e-01,1.255430094897747040e-02,8.972280472517013550e-02,7.822264730930328369e-02,2.128412127494812012e-01
3.780000000000000000e+02,1.260000038146972656e+01,1.000000000000000000e+00,4.469004273414611816e-02,2.148734033107757568e-01,1.005296315997838974e-02,3.770540654659271240e-02,3.506009876728057861e-01,3.242929279804229736e-01,1.778427138924598694e-02
3.840000000000000000e+02,1.280000019073486328e+01,1.000000000000000000e+00,3.498371317982673645e-02,2.463268935680389404e-01,1.703928783535957336e-02,3.539976850152015686e-02,3.430463075637817383e-01,2.692748010158538818e-01,5.392929539084434509e-02
3.900000000000000000e+02,1.300000000000000000e+01,1.000000000000000000e+00,2.459752559661865234e-02,3.408358991146087646e-01,3.272131830453872681e-02,2.754563279449939728e-02,2.632455527782440186e-01,2.299208045005798340e-01,8.113328367471694946e-02
3.960000000000000000e+02,1.319999980926513672e+01,1.000000000000000000e+00,1.545484829694032669e-02,2.341761142015457153e-01,8.819346874952316284e-02,1.858730986714363098e-02,2.806018590927124023e-01,2.102769762277603149e-01,1.527094244956970215e-01
4.020000000000000000e+02,1.339999961853027344e+01,1.000000000000000000e+00,1.544862613081932068e-02,2.880517542362213135e-01,1.381714493036270142e-01,1.335248909890651703e-02,1.831377744674682617e-01,2.416638433933258057e-01,1.201740652322769165e-01
4.080000000000000000e+02,1.360000038146972656e+01,1.000000000000000000e+00,2.678880281746387482e-02,3.066662549972534180e-01,5.469500645995140076e-02,2.646789886057376862e-02,3.124993145465850830e-01,1.608422696590423584e-01,1.120404303073883057e-01
4.140000000000000000e+02,1.380000019073486328e+01,1.000000000000000000e+00,2.349360845983028412e-02,1.655518859624862671e-01,8.295468240976333618e-02,3.654229640960693359e-02,3.394657969474792480e-01,1.583622843027114868e-01,1.936294287443161011e-01
4.200000000000000000e+02,1.400000000000000000e+01,1.000000000000000000e+00,2.521880902349948883e-02,1.791923791170120239e-01,9.515489637851715088e-02,3.410727158188819885e-02,3.474072813987731934e-01,1.192646771669387817e-01,1.996546685695648193e-01
4.260000000000000000e+02,1.419999980926513672e+01,1.000000000000000000e+00,2.694663777947425842e-02,2.353090345859527588e-01,8.295675367116928101e-02,2.903352305293083191e-02,3.186770677566528320e-01,1.451706141233444214e-01,1.619063019752502441e-01
4.320000000000000000e+02,1.439999961853027344e+01,1.000000000000000000e+00,2.835865132510662079e-02,2.031937390565872192e-01,1.264525949954986572e-01,3.035771846771240234e-02,2.934914231300354004e-01,1.333254724740982056e-01,1.848203688859939575e-01
4.380000000000000000e+02,1.460000038146972656e+01,1.000000000000000000e+00,2.902550809085369110e-02,3.599789142608642578e-01,1.319649815559387207e-01,1.977892033755779266e-02,1.616268008947372437e-01,1.385523378849029541e-01,1.590725034475326538e-01
4.440000000000000000e+02,1.480000019073486328e+01,1.000000000000000000e+00,1.907688193023204803e-02,4.374196231365203857e-01,1.669223755598068237e-01,1.287672668695449829e-02,1.239483207464218140e-01,1.521363854408264160e-01,8.761964738368988037e-02
4.500000000000000000e+02,1.500000000000000000e+01,1.000000000000000000e+00,2.372173964977264404e-02,3.874403536319732666e-01,1.878411024808883667e-01,1.165887154638767242e-02,1.373586356639862061e-01,9.874479472637176514e-02,1.532345116138458252e-01
4.560000000000000000e+02,1.519999980926513672e+01,1.000000000000000000e+00,2.236585877835750580e-02,3.677828311920166016e-01,1.768552809953689575e-01,1.696618646383285522e-02,1.579360365867614746e-01,5.837176367640495300e-02,1.997220367193222046e-01
4.620000000000000000e+02,1.539999961853027344e+01,1.000000000000000000e+00,2.056904695928096771e-02,3.286861777305603027e-01,2.684387564659118652e-01,1.704789139330387115e-02,1.258630305528640747e-01,6.136832758784294128e-02,1.780267655849456787e-01
4.680000000000000000e+02,1.560000038146972656e+01,1.000000000000000000e+00,2.399213798344135284e-02,3.486797213554382324e-01,1.562078297138214111e-01,1.904640160501003265e-02,1.852819472551345825e-01,7.691711932420730591e-02,1.898747980594635010e-01
4.740000000000000000e+02,1.580000019073486328e+01,1.000000000000000000e+00,2.408492937684059143e-02,4.498342573642730713e-01,1.091458648443222046e-01,1.509378477931022644e-02,1.671305745840072632e-01,8.960892260074615479e-02,1.451016515493392944e-01
4.800000000000000000e+02,1.600000000000000000e+01,1.000000000000000000e+00,2.827730961143970490e-02,4.291117489337921143e-01,1.310308128595352173e-01,1.488498225808143616e-02,1.708146482706069946e-01,7.573906332254409790e-02,1.501414328813552856e-01
4.860000000000000000e+02,1.620000076293945312e+01,1.000000000000000000e+00,2.876574732363224030e-02,3.577145040035247803e-01,1.249455884099006653e-01,1.345570292323827744e-02,2.066538482904434204e-01,1.328396201133728027e-01,1.356250494718551636e-01
4.920000000000000000e+02,1.639999961853027344e+01,1.000000000000000000e+00,3.341884911060333252e-02,3.801745772361755371e-01,8.845186978578567505e-02,1.330006122589111328e-02,2.225203365087509155e-01,1.364229172468185425e-01,1.257114112377166748e-01
4.980000000000000000e+02,1.660000038146972656e+01,1.000000000000000000e+00,2.472421899437904358e-02,3.565361499786376953e-01,1.008759215474128723e-01,1.455048192292451859e-02,2.354735881090164185e-01,1.153405383229255676e-01,1.524991542100906372e-01
5.040000000000000000e+02,1.679999923706054688e+01,1.000000000000000000e+00,2.299296110868453979e-02,3.788170218467712402e-01,8.166912198066711426e-02,1.466973964124917984e-02,2.488085180521011353e-01,1.175043955445289612e-01,1.355382800102233887e-01
5.100000000000000000e+02,1.700000000000000000e+01,1.000000000000000000e+00,2.103254757821559906e-02,3.385267555713653564e-01,2.047771364450454712e-01,8.555869571864604950e-03,1.580809205770492554e-01,1.321845799684524536e-01,1.368421763181686401e-01
5.160000000000000000e+02,1.720000076293945312e+01,1.000000000000000000e+00,1.129683014005422592e-02,1.222016736865043640e-01,3.489503860473632812e-01,1.556542515754699707e-02,1.905038803815841675e-01,9.595465660095214844e-02,2.155271321535110474e-01
5.220000000000000000e+02,1.739999961853027344e+01,1.000000000000000000e+00,1.790016703307628632e-02,2.240861505270004272e-01,2.391259670257568359e-01,1.112537272274494171e-02,1.896388381719589233e-01,9.971021115779876709e-02,2.184132933616638184e-01
5.280000000000000000e+02,1.760000038146972656e+01,1.000000000000000000e+00,1.162877865135669708e-02,6.010516285896301270e-01,6.560318171977996826e-02,7.564998231828212738e-03,1.301209330558776855e-01,1.098188981413841248e-01,7.421161234378814697e-02
5.340000000000000000e+02,1.779999923706054688e+01,1.000000000000000000e+00,2.781470865011215210e-02,4.799700677394866943e-01,1.035826653242111206e-01,1.897129788994789124e-02,1.383423656225204468e-01,4.781793057918548584e-02,1.835009455680847168e-01
5.400000000000000000e+02,1.800000000000000000e+01,1.000000000000000000e+00,1.399382203817367554e-02,5.643982812762260437e-02,4.962150752544403076e-01,2.701895125210285187e-02,7.076738029718399048e-02,6.664567440748214722e-02,2.689193189144134521e-01
5.460000000000000000e+02,1.820000076293945312e+01,1.000000000000000000e+00,9.583473205566406250e-03,2.773951739072799683e-02,5.661476850509643555e-01,1.666849106550216675e-02,4.500565305352210999e-02,5.909955501556396484e-02,2.757555842399597168e-01
5.520000000000000000e+02,1.839999961853027344e+01,1.000000000000000000e+00,7.821465842425823212e-03,1.150533091276884079e-02,3.668366372585296631e-01,1.512715965509414673e-02,2.802542969584465027e-02,8.677564561367034912e-03,5.620065331459045410e-01
5.580000000000000000e+02,1.860000038146972656e+01,1.000000000000000000e+00,1.111141499131917953e-02,2.408162876963615417e-02,4.294337332248687744e-01,1.224364619702100754e-02,3.384864702820777893e-02,3.339668363332748413e-02,4.558842778205871582e-01
5.640000000000000000e+02,1.879999923706054688e+01,1.000000000000000000e+00,1.399484742432832718e-02,1.410227734595537186e-02,2.387837171554565430e-01,1.462947577238082886e-02,6.410784274339675903e-02,2.465014345943927765e-02,6.297317147254943848e-01
5.700000000000000000e+02,1.900000000000000000e+01,1.000000000000000000e+00,1.720615476369857788e-02,1.598047651350498199e-02,2.749224305152893066e-01,1.127510797232389450e-02,5.816924944519996643e-02,1.879010349512100220e-02,6.036565303802490234e-01
5.760000000000000000e+02,1.920000076293945312e+01,1.000000000000000000e+00,1.520546525716781616e-02,6.729798391461372375e-03,1.161304786801338196e-01,1.907029561698436737e-02,5.642423778772354126e-02,9.408253245055675507e-03,7.770315408706665039e-01
5.820000000000000000e+02,1.939999961853027344e+01,1.000000000000000000e+00,2.362391166388988495e-02,8.724366314709186554e-03,1.320831328630447388e-01,1.838734000921249390e-02,6.140109151601791382e-02,1.325044874101877213e-02,7.425296902656555176e-01
5.880000000000000000e+02,1.960000038146972656e+01,1.000000000000000000e+00,2.480998076498508453e-02,2.492479979991912842e-02,8.936437219381332397e-02,1.775685697793960571e-02,5.975649878382682800e-02,1.095454022288322449e-02,7.724329829216003418e-01
5.940000000000000000e+02,1.979999923706054688e+01,1.000000000000000000e+00,2.627990581095218658e-02,4.213584214448928833e-02,6.856926530599594116e-02,2.382056601345539093e-02,5.356443673372268677e-02,6.927442736923694611e-03,7.787024974822998047e-01
6.000000000000000000e+02,2.000000000000000000e+01,1.000000000000000000e+00,3.058617189526557922e-02,4.906977340579032898e-02,7.550909370183944702e-02,2.906857803463935852e-02,6.956745684146881104e-02,1.321094576269388199e-02,7.329879999160766602e-01
6.060000000000000000e+02,2.020000076293945312e+01,1.000000000000000000e+00,8.959629386663436890e-02,1.709119081497192383e-01,4.281097650527954102e-02,1.967023611068725586e-01,9.789131581783294678e-02,2.638691477477550507e-02,3.757002353668212891e-01
6.120000000000000000e+02,2.039999961853027344e+01,1.000000000000000000e+00,5.600306764245033264e-02,3.697594404220581055e-01,4.135788604617118835e-02,1.380127072334289551e-01,7.340373843908309937e-02,1.549579855054616928e-02,3.059674203395843506e-01
6.180000000000000000e+02,2.060000038146972656e+01,1.000000000000000000e+00,5.340069159865379333e-02,4.981419146060943604e-01,5.346041172742843628e-02,1.286178529262542725e-01,6.626609712839126587e-02,3.140495344996452332e-02,1.687079966068267822e-01
6.240000000000000000e+02,2.079999923706054688e+01,1.000000000000000000e+00,1.908895745873451233e-02,1.092887669801712036e-01,8.014589548110961914e-02,1.837963163852691650e-01,2.404806911945343018e-01,8.990947902202606201e-02,2.772898077964782715e-01
6.300000000000000000e+02,2.100000000000000000e+01,1.000000000000000000e+00,3.687034128233790398e-03,1.123674772679805756e-02,2.792115509510040283e-02,4.103126823902130127e-01,1.391170918941497803e-01,1.997767202556133270e-02,3.877476155757904053e-01
6.360000000000000000e+02,2.120000076293945312e+01,1.000000000000000000e+00,4.421575460582971573e-03,1.712583750486373901e-02,3.018239326775074005e-02,4.911008775234222412e-01,1.520458906888961792e-01,1.796490885317325592e-02,2.871584892272949219e-01
6.420000000000000000e+02,2.139999961853027344e+01,1.000000000000000000e+00,6.226379424333572388e-03,1.972503028810024261e-02,1.027895286679267883e-01,2.291162908077239990e-01,1.738287359476089478e-01,3.044272027909755707e-02,4.378712475299835205e-01
6.480000000000000000e+02,2.160000038146972656e+01,1.000000000000000000e+00,5.533114075660705566e-03,3.320988267660140991e-02,6.977289915084838867e-02,3.574870526790618896e-01,1.969722509384155273e-01,3.356125205755233765e-02,3.034635484218597412e-01
6.540000000000000000e+02,2.179999923706054688e+01,1.000000000000000000e+00,6.472755223512649536e-03,5.631967633962631226e-02,5.451979115605354309e-02,4.064581990242004395e-01,1.808884143829345703e-01,2.758145146071910858e-02,2.677597701549530029e-01
6.600000000000000000e+02,2.200000000000000000e+01,1.000000000000000000e+00,7.563822902739048004e-03,7.202261686325073242e-02,7.575770467519760132e-02,2.879712283611297607e-01,1.736417114734649658e-01,2.581214904785156250e-02,3.572307825088500977e-01
6.660000000000000000e+02,2.220000076293945312e+01,1.000000000000000000e+00,1.102901529520750046e-02,7.431454211473464966e-02,1.828680485486984253e-01,7.040670514106750488e-02,3.410326838493347168e-01,9.878920018672943115e-02,2.215597778558731079e-01
6.720000000000000000e+02,2.239999961853027344e+01,1.000000000000000000e+00,1.249905116856098175e-02,5.928905308246612549e-02,2.048270404338836670e-01,4.028593376278877258e-02,3.427464365959167480e-01,1.638194173574447632e-01,1.765331029891967773e-01
6.780000000000000000e+02,2.260000038146972656e+01,1.000000000000000000e+00,1.265035104006528854e-02,1.146824210882186890e-01,2.182502895593643188e-01,1.603800989687442780e-02,2.351703494787216187e-01,3.134992718696594238e-01,8.970927447080612183e-02
6.840000000000000000e+02,2.279999923706054688e+01,1.000000000000000000e+00,1.794038899242877960e-02,1.049821823835372925e-01,1.760989427566528320e-01,1.764152944087982178e-02,2.603873014450073242e-01,3.208882510662078857e-01,1.020614206790924072e-01
6.900000000000000000e+02,2.300000000000000000e+01,1.000000000000000000e+00,1.511378958821296692e-02,1.219132393598556519e-01,1.559607833623886108e-01,1.822446100413799286e-02,2.728237211704254150e-01,3.388395309448242188e-01,7.712448388338088989e-02
6.960000000000000000e+02,2.320000076293945312e+01,1.000000000000000000e+00,1.225577108561992645e-02,5.581805109977722168e-02,3.472725152969360352e-01,1.182383671402931213e-02,2.025667130947113037e-01,2.383139729499816895e-01,1.319491416215896606e-01
7.020000000000000000e+02,2.339999961853027344e+01,1.000000000000000000e+00,1.373966783285140991e-02,6.324780732393264771e-02,2.425761520862579346e-01,1.738546974956989288e-02,2.589182853698730469e-01,2.657677233219146729e-01,1.383648365736007690e-01
7.080000000000000000e+02,2.360000038146972656e+01,1.000000000000000000e+00,1.227254141122102737e-02,8.741953223943710327e-02,2.123202830553054810e-01,1.658199913799762726e-02,2.348890453577041626e-01,2.942313253879547119e-01,1.422852277755737305e-01
7.140000000000000000e+02,2.379999923706054688e+01,1.000000000000000000e+00,1.867467351257801056e-02,7.420643419027328491e-02,2.266253232955932617e-01,1.975290104746818542e-02,2.847641706466674805e-01,2.157106399536132812e-01,1.602659225463867188e-01
7.200000000000000000e+02,2.400000000000000000e+01,1.000000000000000000e+00,2.003145776689052582e-02,1.536045372486114502e-01,2.808791399002075195e-01,1.006760075688362122e-02,2.060759812593460083e-01,2.019485384225845337e-01,1.273927539587020874e-01
7.260000000000000000e+02,2.420000076293945312e+01,1.000000000000000000e+00,1.502790581434965134e-02,1.694568842649459839e-01,2.010490298271179199e-01,1.017026603221893311e-02,2.342458367347717285e-01,2.791380882263183594e-01,9.091203659772872925e-02
7.320000000000000000e+02,2.439999961853027344e+01,1.000000000000000000e+00,2.435532584786415100e-02,6.484436988830566406e-02,2.306659221649169922e-01,1.508951559662818909e-02,2.719061374664306641e-01,2.209720313549041748e-01,1.721666753292083740e-01
7.380000000000000000e+02,2.460000038146972656e+01,1.000000000000000000e+00,1.637893170118331909e-02,7.259154319763183594e-02,3.040872812271118164e-01,1.375707890838384628e-02,2.436593472957611084e-01,1.451492011547088623e-01,2.043766677379608154e-01
7.440000000000000000e+02,2.479999923706054688e+01,1.000000000000000000e+00,1.642223633825778961e-02,4.675997421145439148e-02,3.884033560752868652e-01,1.084676757454872131e-02,2.111470699310302734e-01,1.185898780822753906e-01,2.078307569026947021e-01
7.500000000000000000e+02,2.500000000000000000e+01,1.000000000000000000e+00,1.727087609469890594e-02,5.584971979260444641e-02,2.711122334003448486e-01,1.627727411687374115e-02,2.627981603145599365e-01,1.387706100940704346e-01,2.379211634397506714e-01
7.560000000000000000e+02,2.520000076293945312e+01,1.000000000000000000e+00,1.557337678968906403e-02,6.912396848201751709e-02,2.852456271648406982e-01,1.592000015079975128e-02,2.261002659797668457e-01,1.740999817848205566e-01,2.139367759227752686e-01
7.620000000000000000e+02,2.539999961853027344e+01,1.000000000000000000e+00,1.241753436625003815e-02,1.493657678365707397e-01,2.149199247360229492e-01,1.474719680845737457e-02,2.472226917743682861e-01,2.430654317140579224e-01,1.182615160942077637e-01
7.680000000000000000e+02,2.560000038146972656e+01,1.000000000000000000e+00,1.141003891825675964e-02,1.128128319978713989e-01,2.904829382896423340e-01,1.015353295952081680e-02,1.922638863325119019e-01,2.530543208122253418e-01,1.298224031925201416e-01
7.740000000000000000e+02,2.579999923706054688e+01,1.000000000000000000e+00,1.299850642681121826e-02,1.111951395869255066e-01,2.162813842296600342e-01,1.335727889090776443e-02,2.257931232452392578e-01,3.382190167903900146e-01,8.215557783842086792e-02
7.800000000000000000e+02,2.600000000000000000e+01,1.000000000000000000e+00,9.988584555685520172e-03,1.582568436861038208e-01,3.273804485797882080e-01,9.716814383864402771e-03,1.355589777231216431e-01,2.739246785640716553e-01,8.517359197139739990e-02
7.860000000000000000e+02,2.620000076293945312e+01,1.000000000000000000e+00,9.468283504247665405e-03,1.174143329262733459e-01,3.981435298919677734e-01,7.939741015434265137e-03,1.458131968975067139e-01,2.107265442609786987e-01,1.104943603277206421e-01
7.920000000000000000e+02,2.639999961853027344e+01,1.000000000000000000e+00,9.624402038753032684e-03,1.123434603214263916e-01,4.655391275882720947e-01,7.377420552074909210e-03,1.242183893918991089e-01,1.646059304475784302e-01,1.162912473082542419e-01
7.980000000000000000e+02,2.660000038146972656e+01,1.000000000000000000e+00,1.235683541744947433e-02,1.399602591991424561e-01,3.866662979125976562e-01,9.522819891571998596e-03,1.614629179239273071e-01,1.767309904098510742e-01,1.132998913526535034e-01
8.040000000000000000e+02,2.679999923706054688e+01,1.000000000000000000e+00,1.223417464643716812e-02,2.082602679729461670e-01,3.282172381877899170e-01,8.366961963474750519e-03,1.502130925655364990e-01,2.008149921894073486e-01,9.189324080944061279e-02
8.100000000000000000e+02,2.700000000000000000e+01,1.000000000000000000e+00,1.912804134190082550e-02,3.291758000850677490e-01,1.558452546596527100e-01,1.283024996519088745e-02,1.835680305957794189e-01,2.375868111848831177e-01,6.186582893133163452e-02
8.160000000000000000e+02,2.720000076293945312e+01,1.000000000000000000e+00,1.696035265922546387e-02,2.545879781246185303e-01,2.163442820310592651e-01,1.201330684125423431e-02,1.806669682264328003e-01,2.360281944274902344e-01,8.339896053075790405e-02
8.220000000000000000e+02,2.739999961853027344e+01,1.000000000000000000e+00,1.396094728261232376e-02,2.095905095338821411e-01,2.283191233873367310e-01,1.156029291450977325e-02,1.857391297817230225e-01,2.613962888717651367e-01,8.943367749452590942e-02
8.280000000000000000e+02,2.760000038146972656e+01,1.000000000000000000e+00,1.460591983050107956e-02,2.529958486557006836e-01,2.521636188030242920e-01,9.965360164642333984e-03,1.623790562152862549e-01,2.130123525857925415e-01,9.487784653902053833e-02
8.340000000000000000e+02,2.779999923706054688e+01,1.000000000000000000e+00,1.458584517240524292e-02,1.960322856903076172e-01,3.048870265483856201e-01,8.395224809646606445e-03,1.476164907217025757e-01,2.226324230432510376e-01,1.058506146073341370e-01
8.400000000000000000e+02,2.800000000000000000e+01,1.000000000000000000e+00,1.789379119873046875e-02,1.372618526220321655e-01,2.233409434556961060e-01,1.203127298504114151e-02,2.122274637222290039e-01,2.816623151302337646e-01,1.155823692679405212e-01
8.460000000000000000e+02,2.820000076293945312e+01,1.000000000000000000e+00,1.791668310761451721e-02,1.518035829067230225e-01,2.690187990665435791e-01,1.118599064648151398e-02,1.908402889966964722e-01,2.333426773548126221e-01,1.258919686079025269e-01
8.520000000000000000e+02,2.839999961853027344e+01,1.000000000000000000e+00,2.171997912228107452e-02,1.739375740289688110e-01,1.806408911943435669e-01,9.059204719960689545e-03,2.066688835620880127e-01,3.219766914844512939e-01,8.599679917097091675e-02
8.580000000000000000e+02,2.860000038146972656e+01,1.000000000000000000e+00,3.585201129317283630e-02,2.356117665767669678e-01,2.720738016068935394e-02,1.448605861514806747e-02,1.981032937765121460e-01,4.559180140495300293e-01,3.282146155834197998e-02
8.640000000000000000e+02,2.879999923706054688e+01,1.000000000000000000e+00,4.312594607472419739e-02,3.875755071640014648e-01,2.277540974318981171e-02,1.073412783443927765e-02,1.620582789182662964e-01,3.602645099163055420e-01,1.346620265394449234e-02
8.700000000000000000e+02,2.900000000000000000e+01,1.000000000000000000e+00,3.264547511935234070e-02,2.017855495214462280e-01,5.932576954364776611e-02,1.106810849159955978e-02,2.713915109634399414e-01,3.653718233108520508e-01,5.841175094246864319e-02
8.760000000000000000e+02,2.920000076293945312e+01,1.000000000000000000e+00,2.575263008475303650e-02,2.702074348926544189e-01,8.769502490758895874e-02,7.324025966227054596e-03,2.482697963714599609e-01,2.962826192378997803e-01,6.446851044893264771e-02
8.820000000000000000e+02,2.939999961853027344e+01,1.000000000000000000e+00,2.397335693240165710e-02,2.393187582492828369e-01,9.266459941864013672e-02,9.637384675443172455e-03,2.461188733577728271e-01,3.239719867706298828e-01,6.431502848863601685e-02
8.880000000000000000e+02,2.960000038146972656e+01,1.000000000000000000e+00,2.772631496191024780e-02,1.938179433345794678e-01,1.091539263725280762e-01,9.311427362263202667e-03,2.509149312973022461e-01,3.458981812000274658e-01,6.317727267742156982e-02
8.940000000000000000e+02,2.979999923706054688e+01,1.000000000000000000e+00,1.978051476180553436e-02,3.279390931129455566e-01,9.294568747282028198e-02,9.266709908843040466e-03,1.658193469047546387e-01,3.336171209812164307e-01,5.063153430819511414e-02
9.000000000000000000e+02,3.000000000000000000e+01,1.000000000000000000e+00,3.078719601035118103e-02,2.830726206302642822e-01,9.632210433483123779e-02,1.608440279960632324e-02,2.400142401456832886e-01,2.536530792713165283e-01,8.006641268730163574e-02
9.060000000000000000e+02,3.020000076293945312e+01,1.000000000000000000e+00,2.939607016742229462e-02,2.518972158432006836e-01,1.606766730546951294e-01,7.960129529237747192e-03,1.653892695903778076e-01,3.192557096481323242e-01,6.542493402957916260e-02
9.120000000000000000e+02,3.039999961853027344e+01,1.000000000000000000e+00,2.160957269370555878e-02,1.862940341234207153e-01,1.489751785993576050e-01,1.243621762841939926e-02,2.116543650627136230e-01,3.365399539470672607e-01,8.249069750308990479e-02
9.180000000000000000e+02,3.060000038146972656e+01,1.000000000000000000e+00,2.568217180669307709e-02,2.547714114189147949e-01,1.330504268407821655e-01,1.276937965303659439e-02,2.199825793504714966e-01,2.666717171669006348e-01,8.707229048013687134e-02
9.240000000000000000e+02,3.079999923706054688e+01,1.000000000000000000e+00,2.960771508514881134e-02,1.554709821939468384e-01,1.638380438089370728e-01,1.094083208590745926e-02,2.146704941987991333e-01,3.315265774726867676e-01,9.394531697034835815e-02
9.300000000000000000e+02,3.100000000000000000e+01,1.000000000000000000e+00,1.888720877468585968e-02,2.039687037467956543e-01,3.109272420406341553e-01,5.361072719097137451e-03,1.149873957037925720e-01,2.718840241432189941e-01,7.398437708616256714e-02
9.360000000000000000e+02,3.120000076293945312e+01,1.000000000000000000e+00,2.752046287059783936e-02,2.485536634922027588e-01,2.487183958292007446e-01,7.850769907236099243e-03,1.537163406610488892e-01,2.065618187189102173e-01,1.070785522460937500e-01
9.420000000000000000e+02,3.139999961853027344e+01,1.000000000000000000e+00,1.943267881870269775e-02,1.401355713605880737e-01,3.365910351276397705e-01,9.462141431868076324e-03,1.709271371364593506e-01,1.942757368087768555e-01,1.291756629943847656e-01
9.480000000000000000e+02,3.160000038146972656e+01,1.000000000000000000e+00,2.112315967679023743e-02,1.697122603654861450e-01,2.406283915042877197e-01,1.167071703821420670e-02,2.086229920387268066e-01,2.374576628208160400e-01,1.107848584651947021e-01
9.540000000000000000e+02,3.179999923706054688e+01,1.000000000000000000e+00,1.734404638409614563e-02,1.334972828626632690e-01,1.888668984174728394e-01,9.618031792342662811e-03,2.144199013710021973e-01,3.398170769214630127e-01,9.643680602312088013e-02
9.600000000000000000e+02,3.200000000000000000e+01,1.000000000000000000e+00,1.642468385398387909e-02,1.446031779050827026e-01,3.248475790023803711e-01,4.560377448797225952e-03,1.071633920073509216e-01,3.211049139499664307e-01,8.129587769508361816e-02
9.660000000000000000e+02,3.220000076293945312e+01,1.000000000000000000e+00,1.650018058717250824e-02,7.797871530055999756e-02,2.739628851413726807e-01,5.941730458289384842e-03,1.848883479833602905e-01,3.615570366382598877e-01,7.917103916406631470e-02
9.720000000000000000e+02,3.240000152587890625e+01,1.000000000000000000e+00,2.192254178225994110e-02,1.233810707926750183e-01,1.732961088418960571e-01,9.974242188036441803e-03,2.580020725727081299e-01,3.278549015522003174e-01,8.556897938251495361e-02
9.780000000000000000e+02,3.259999847412109375e+01,1.000000000000000000e+00,1.581165194511413574e-02,1.082988753914833069e-01,1.939640492200851440e-01,8.452224545180797577e-03,1.676614433526992798e-01,4.218237400054931641e-01,8.398802578449249268e-02
9.840000000000000000e+02,3.279999923706054688e+01,1.000000000000000000e+00,2.785244956612586975e-02,1.711492836475372314e-01,1.300008893013000488e-01,1.220514811575412750e-02,2.912700176239013672e-01,2.840565145015716553e-01,8.346570283174514771e-02
9.900000000000000000e+02,3.300000000000000000e+01,1.000000000000000000e+00,1.776877231895923615e-02,9.975965321063995361e-02,3.928909003734588623e-01,6.045984569936990738e-03,1.490766257047653198e-01,2.234189808368682861e-01,1.110390424728393555e-01
9.960000000000000000e+02,3.320000076293945312e+01,1.000000000000000000e+00,1.668100059032440186e-02,5.587301403284072876e-02,4.208899736404418945e-01,9.122401475906372070e-03,1.545124500989913940e-01,1.816823780536651611e-01,1.612388491630554199e-01
1.002000000000000000e+03,3.340000152587890625e+01,1.000000000000000000e+00,1.149200368672609329e-02,6.077232211828231812e-02,4.262126386165618896e-01,7.153889164328575134e-03,1.279190629720687866e-01,2.618700861930847168e-01,1.045800298452377319e-01
1.008000000000000000e+03,3.359999847412109375e+01,1.000000000000000000e+00,1.272696722298860550e-02,5.547538772225379944e-02,3.661210238933563232e-01,8.582449518144130707e-03,1.422177106142044067e-01,3.148223757743835449e-01,1.000541076064109802e-01
1.014000000000000000e+03,3.379999923706054688e+01,1.000000000000000000e+00,1.501907687634229660e-02,6.556710600852966309e-02,3.590798377990722656e-01,7.611338980495929718e-03,1.342424303293228149e-01,3.241380453109741211e-01,9.434206783771514893e-02
1.020000000000000000e+03,3.400000000000000000e+01,1.000000000000000000e+00,8.951026946306228638e-03,6.728244572877883911e-02,4.518692791461944580e-01,4.109650384634733200e-03,9.441541135311126709e-02,3.006542325019836426e-01,7.271792739629745483e-02
1.026000000000000000e+03,3.420000076293945312e+01,1.000000000000000000e+00,1.340204011648893356e-02,7.887680828571319580e-02,3.521584868431091309e-01,6.978618912398815155e-03,1.223454847931861877e-01,3.286198079586029053e-01,9.761878848075866699e-02
1.032000000000000000e+03,3.440000152587890625e+01,1.000000000000000000e+00,1.269053574651479721e-02,2.066973000764846802e-01,2.514068186283111572e-01,1.200398523360490799e-02,1.493876427412033081e-01,3.002301752567291260e-01,6.758352369070053101e-02
1.038000000000000000e+03,3.459999847412109375e+01,1.000000000000000000e+00,1.481685601174831390e-02,1.746969074010848999e-01,2.196426093578338623e-01,1.103810966014862061e-02,1.743163019418716431e-01,3.375292420387268066e-01,6.795996427536010742e-02
1.044000000000000000e+03,3.479999923706054688e+01,1.000000000000000000e+00,1.350022107362747192e-02,4.697474837303161621e-02,4.019832015037536621e-01,1.367701143026351929e-01,1.297695487737655640e-01,1.722366660833358765e-01,9.876555949449539185e-02
1.050000000000000000e+03,3.500000000000000000e+01,1.000000000000000000e+00,4.302851483225822449e-02,1.510009765625000000e-01,1.409545093774795532e-01,9.877952933311462402e-02,1.995401382446289062e-01,2.674298584461212158e-01,9.926649928092956543e-02
1.056000000000000000e+03,3.520000076293945312e+01,1.000000000000000000e+00,1.431341748684644699e-02,3.462254256010055542e-02,2.217366844415664673e-01,1.055114939808845520e-01,2.789296507835388184e-01,1.910980194807052612e-01,1.537882238626480103e-01
1.062000000000000000e+03,3.540000152587890625e+01,1.000000000000000000e+00,2.065747790038585663e-02,6.545478105545043945e-01,1.283368002623319626e-02,6.001357454806566238e-03,8.612491935491561890e-02,2.119836509227752686e-01,7.851083762943744659e-03
1.068000000000000000e+03,3.559999847412109375e+01,1.000000000000000000e+00,7.532626390457153320e-03,7.890997529029846191e-01,9.288304485380649567e-03,1.201222883537411690e-03,3.199370205402374268e-02,1.586985439062118530e-01,2.185897203162312508e-03
1.074000000000000000e+03,3.579999923706054688e+01,1.000000000000000000e+00,1.110136508941650391e-02,8.137310147285461426e-01,4.972221329808235168e-03,1.607726095244288445e-03,2.717716619372367859e-02,1.398150920867919922e-01,1.595334149897098541e-03
1.080000000000000000e+03,3.600000000000000000e+01,1.000000000000000000e+00,2.318039722740650177e-02,6.958968937397003174e-02,6.250458303838968277e-03,3.036288730800151825e-02,4.715938568115234375e-01,3.892058134078979492e-01,9.816821664571762085e-03
1.086000000000000000e+03,3.620000076293945312e+01,1.000000000000000000e+00,2.307990565896034241e-02,2.562146782875061035e-01,2.578536048531532288e-02,1.263890136033296585e-02,1.977611780166625977e-01,4.674162268638610840e-01,1.710375584661960602e-02
1.092000000000000000e+03,3.640000152587890625e+01,1.000000000000000000e+00,2.824729867279529572e-02,2.599036395549774170e-01,2.354856394231319427e-02,1.729840599000453949e-02,2.857912778854370117e-01,3.602494895458221436e-01,2.496129646897315979e-02
1.098000000000000000e+03,3.659999847412109375e+01,1.000000000000000000e+00,2.885980159044265747e-02,1.983234286308288574e-01,4.526570066809654236e-02,9.261010214686393738e-03,2.839180231094360352e-01,3.971289396286010742e-01,3.724317252635955811e-02
1.104000000000000000e+03,3.679999923706054688e+01,1.000000000000000000e+00,3.210806474089622498e-02,2.906099855899810791e-01,5.160085111856460571e-02,8.516779169440269470e-03,2.742297351360321045e-01,2.983791530132293701e-01,4.455542936921119690e-02
1.110000000000000000e+03,3.700000000000000000e+01,1.000000000000000000e+00,3.784842044115066528e-02,2.375171035528182983e-01,4.169155284762382507e-02,6.598825566470623016e-03,2.962082922458648682e-01,3.411551713943481445e-01,3.898067399859428406e-02
1.116000000000000000e+03,3.720000076293945312e+01,1.000000000000000000e+00,2.300272509455680847e-02,2.026188373565673828e-01,1.065995395183563232e-01,4.485446494072675705e-03,2.133135050535202026e-01,3.784491419792175293e-01,7.153081148862838745e-02
1.122000000000000000e+03,3.740000152587890625e+01,1.000000000000000000e+00,1.545556448400020599e-02,3.235521614551544189e-01,1.065890938043594360e-01,5.441112909466028214e-03,1.553582102060317993e-01,3.321562707424163818e-01,6.144760921597480774e-02
1.128000000000000000e+03,3.759999847412109375e+01,1.000000000000000000e+00,1.681627519428730011e-02,1.308032125234603882e-01,1.884525418281555176e-01,4.943082574754953384e-03,2.256847769021987915e-01,3.412899076938629150e-01,9.201027452945709229e-02
1.134000000000000000e+03,3.779999923706054688e+01,1.000000000000000000e+00,1.919355057179927826e-02,2.193347364664077759e-01,1.135887950658798218e-01,5.245896056294441223e-03,2.053189873695373535e-01,3.815477490425109863e-01,5.577026307582855225e-02
1.140000000000000000e+03,3.800000000000000000e+01,1.000000000000000000e+00,3.036698512732982635e-02,3.184339106082916260e-01,6.337957084178924561e-02,6.660735234618186951e-03,2.408718168735504150e-01,2.928799688816070557e-01,4.740698635578155518e-02
1.146000000000000000e+03,3.820000076293945312e+01,1.000000000000000000e+00,2.510294318199157715e-02,3.142481148242950439e-01,5.256061628460884094e-02,7.872773334383964539e-03,2.594443559646606445e-01,2.995615303516387939e-01,4.120964556932449341e-02
1.152000000000000000e+03,3.840000152587890625e+01,1.000000000000000000e+00,2.178584039211273193e-02,2.302329093217849731e-01,1.331946402788162231e-01,8.639378473162651062e-03,2.523622512817382812e-01,2.649237513542175293e-01,8.886123448610305786e-02
1.158000000000000000e+03,3.859999847412109375e+01,1.000000000000000000e+00,2.368735522031784058e-02,2.086938768625259399e-01,1.144664287567138672e-01,7.429741788655519485e-03,2.788828611373901367e-01,2.796387970447540283e-01,8.720096200704574585e-02
1.164000000000000000e+03,3.879999923706054688e+01,1.000000000000000000e+00,2.065090090036392212e-02,1.996383368968963623e-01,1.274496465921401978e-01,5.688007455319166183e-03,2.529285848140716553e-01,3.088810741901397705e-01,8.476343750953674316e-02
1.170000000000000000e+03,3.900000000000000000e+01,1.000000000000000000e+00,2.053091675043106079e-02,2.585575580596923828e-01,7.710546255111694336e-02,6.169310305267572403e-03,2.776105105876922607e-01,2.959119975566864014e-01,6.411429494619369507e-02
1.176000000000000000e+03,3.920000076293945312e+01,1.000000000000000000e+00,2.020616084337234497e-02,2.658532857894897461e-01,8.908380568027496338e-02,6.977536249905824661e-03,2.294302284717559814e-01,3.290362060070037842e-01,5.941273272037506104e-02
1.182000000000000000e+03,3.940000152587890625e+01,1.000000000000000000e+00,2.420696429908275604e-02,2.850807905197143555e-01,3.044426068663597107e-02,6.998470984399318695e-03,2.029544264078140259e-01,4.291247427463531494e-01,2.119026891887187958e-02
1.188000000000000000e+03,3.959999847412109375e+01,1.000000000000000000e+00,2.158310264348983765e-02,4.051558673381805420e-01,4.010560363531112671e-02,5.382328294217586517e-03,1.773504912853240967e-01,3.281356692314147949e-01,2.228691428899765015e-02
1.194000000000000000e+03,3.979999923706054688e+01,1.000000000000000000e+00,3.387268632650375366e-02,3.853168785572052002e-01,4.559703916311264038e-02,4.632448777556419373e-03,1.902759671211242676e-01,3.210045397281646729e-01,1.930047385394573212e-02
1.200000000000000000e+03,4.000000000000000000e+01,1.000000000000000000e+00,4.352687671780586243e-02,1.453029662370681763e-01,5.730876699090003967e-02,5.875585135072469711e-03,2.761520743370056152e-01,4.323014020919799805e-01,3.953237831592559814e-02
1.206000000000000000e+03,4.020000076293945312e+01,1.000000000000000000e+00,4.886922240257263184e-02,2.202047407627105713e-01,3.060268424451351166e-02,8.738659322261810303e-03,2.731536924839019775e-01,3.924564123153686523e-01,2.597456425428390503e-02
1.212000000000000000e+03,4.040000152587890625e+01,1.000000000000000000e+00,4.227365925908088684e-02,2.135610729455947876e-01,3.030904754996299744e-02,6.119715049862861633e-03,2.290922552347183228e-01,4.551903903484344482e-01,2.345383912324905396e-02
1.218000000000000000e+03,4.059999847412109375e+01,1.000000000000000000e+00,1.929530873894691467e-02,6.018840074539184570e-01,2.682364732027053833e-02,3.221671329811215401e-03,9.914187341928482056e-02,2.336013168096542358e-01,1.603213325142860413e-02
1.224000000000000000e+03,4.079999923706054688e+01,1.000000000000000000e+00,4.167019203305244446e-02,3.944317996501922607e-01,1.229055691510438919e-02,7.929341867566108704e-03,2.156228125095367432e-01,3.138790428638458252e-01,1.417629793286323547e-02
1.230000000000000000e+03,4.100000000000000000e+01,1.000000000000000000e+00,3.035456500947475433e-02,3.784789741039276123e-01,2.106857113540172577e-02,6.875718478113412857e-03,1.910842061042785645e-01,3.531721234321594238e-01,1.896584779024124146e-02
1.236000000000000000e+03,4.120000076293945312e+01,1.000000000000000000e+00,3.813552111387252808e-02,3.620992898941040039e-01,4.845361784100532532e-02,4.520100541412830353e-03,1.825834512710571289e-01,3.435452878475189209e-01,2.066270448267459869e-02
1.242000000000000000e+03,4.140000152587890625e+01,1.000000000000000000e+00,4.455712437629699707e-02,1.932842731475830078e-01,1.891588605940341949e-02,5.173259414732456207e-03,2.135652303695678711e-01,5.116984248161315918e-01,1.280573103576898575e-02
1.248000000000000000e+03,4.159999847412109375e+01,1.000000000000000000e+00,3.003594093024730682e-02,3.731754720211029053e-01,1.583266071975231171e-02,3.985093440860509872e-03,1.555534750223159790e-01,4.103133082389831543e-01,1.110408920794725418e-02
1.254000000000000000e+03,4.179999923706054688e+01,1.000000000000000000e+00,3.784459084272384644e-02,3.670880794525146484e-01,3.792307805269956589e-03,3.846712177619338036e-03,1.728602498769760132e-01,4.116087555885314941e-01,2.959246048703789711e-03
1.260000000000000000e+03,4.200000000000000000e+01,1.000000000000000000e+00,3.927051648497581482e-02,3.689385056495666504e-01,4.865847993642091751e-03,4.981830250471830368e-03,1.625692397356033325e-01,4.145303964614868164e-01,4.843592643737792969e-03
1.266000000000000000e+03,4.220000076293945312e+01,1.000000000000000000e+00,4.572802037000656128e-02,3.551500141620635986e-01,2.868344541639089584e-03,2.194010419771075249e-03,1.234575286507606506e-01,4.676004946231842041e-01,3.001540666446089745e-03
1.272000000000000000e+03,4.240000152587890625e+01,1.000000000000000000e+00,2.033847197890281677e-02,3.778033554553985596e-01,1.117035560309886932e-02,3.315596841275691986e-03,1.828847676515579224e-01,3.921156227588653564e-01,1.237185765057802200e-02
1.278000000000000000e+03,4.259999847412109375e+01,1.000000000000000000e+00,2.123026363551616669e-02,5.299814343452453613e-01,9.693322703242301941e-03,1.459009363315999508e-03,9.779459238052368164e-02,3.331235051155090332e-01,6.717888172715902328e-03
1.284000000000000000e+03,4.279999923706054688e+01,1.000000000000000000e+00,1.154925674200057983e-02,6.289386749267578125e-01,5.596681497991085052e-03,4.271226353012025356e-04,2.644120156764984131e-02,3.262010812759399414e-01,8.459917153231799603e-04
1.290000000000000000e+03,4.300000000000000000e+01,1.000000000000000000e+00,3.383642435073852539e-02,5.466536283493041992e-01,6.068078801035881042e-03,2.447424922138452530e-03,9.577255696058273315e-02,3.118441700935363770e-01,3.377624554559588432e-03
1.296000000000000000e+03,4.320000076293945312e+01,1.000000000000000000e+00,3.946790471673011780e-02,5.744249820709228516e-01,4.693124443292617798e-03,1.829179120250046253e-03,1.071716025471687317e-01,2.687618136405944824e-01,3.651463659480214119e-03
1.302000000000000000e+03,4.340000152587890625e+01,1.000000000000000000e+00,2.162957005202770233e-02,3.192042410373687744e-01,6.177826784551143646e-03,1.394527382217347622e-03,1.055305823683738708e-01,5.424938201904296875e-01,3.569482360035181046e-03
1.308000000000000000e+03,4.359999847412109375e+01,1.000000000000000000e+00,6.865038722753524780e-02,4.041470885276794434e-01,3.259288379922509193e-03,2.542983507737517357e-03,1.488095074892044067e-01,3.701386451721191406e-01,2.452102489769458771e-03
1.314000000000000000e+03,4.379999923706054688e+01,1.000000000000000000e+00,5.946927145123481750e-02,4.182130694389343262e-01,3.209380432963371277e-03,2.053691074252128601e-03,1.432410329580307007e-01,3.710311949253082275e-01,2.782303141430020332e-03
1.320000000000000000e+03,4.400000000000000000e+01,1.000000000000000000e+00,5.175188556313514709e-02,3.786202669143676758e-01,5.804482381790876389e-03,1.624358003027737141e-03,1.474087536334991455e-01,4.104830324649810791e-01,4.307218827307224274e-03
1.326000000000000000e+03,4.420000076293945312e+01,1.000000000000000000e+00,2.218608558177947998e-02,5.012114644050598145e-01,4.181917291134595871e-03,7.986625423654913902e-04,7.152463495731353760e-02,3.988172411918640137e-01,1.279961434192955494e-03
1.332000000000000000e+03,4.440000152587890625e+01,1.000000000000000000e+00,6.608445942401885986e-02,3.164317011833190918e-01,9.756181389093399048e-03,2.829917473718523979e-03,2.204160839319229126e-01,3.766671121120452881e-01,7.814534008502960205e-03
1.338000000000000000e+03,4.459999847412109375e+01,1.000000000000000000e+00,6.452359259128570557e-02,3.382702469825744629e-01,5.386107135564088821e-03,3.087186021730303764e-03,2.386248707771301270e-01,3.434534072875976562e-01,6.654558703303337097e-03
1.344000000000000000e+03,4.479999923706054688e+01,1.000000000000000000e+00,8.553119003772735596e-02,5.288863182067871094e-01,2.530087484046816826e-03,3.421581117436289787e-03,1.209963485598564148e-01,2.573548555374145508e-01,1.279552117921411991e-03
1.350000000000000000e+03,4.500000000000000000e+01,1.000000000000000000e+00,3.963382169604301453e-02,5.305570960044860840e-01,3.518789773806929588e-03,1.342434203252196312e-03,7.508023083209991455e-02,3.482502400875091553e-01,1.617352478206157684e-03
1.356000000000000000e+03,4.520000076293945312e+01,1.000000000000000000e+00,4.680564254522323608e-02,2.886422872543334961e-01,3.360721096396446228e-02,2.803757786750793457e-03,1.854641586542129517e-01,4.269522428512573242e-01,1.572473719716072083e-02
1.362000000000000000e+03,4.540000152587890625e+01,1.000000000000000000e+00,7.004440575838088989e-02,2.701081037521362305e-01,4.026528820395469666e-02,7.143275812268257141e-03,3.080387115478515625e-01,2.685225605964660645e-01,3.587761893868446350e-02
1.368000000000000000e+03,4.559999847412109375e+01,1.000000000000000000e+00,6.117244437336921692e-02,2.960158288478851318e-01,3.973324969410896301e-02,6.698791868984699249e-03,3.060926795005798340e-01,2.493453174829483032e-01,4.094166308641433716e-02
1.374000000000000000e+03,4.579999923706054688e+01,1.000000000000000000e+00,5.508395656943321228e-02,6.011664271354675293e-01,5.039070732891559601e-03,1.483801635913550854e-03,7.697789371013641357e-02,2.584767639636993408e-01,1.772145857103168964e-03
1.380000000000000000e+03,4.600000000000000000e+01,1.000000000000000000e+00,5.889461189508438110e-02,2.956590950489044189e-01,9.410995058715343475e-03,2.947557484731078148e-03,2.087116986513137817e-01,4.146576821804046631e-01,9.718270972371101379e-03
1.386000000000000000e+03,4.620000076293945312e+01,1.000000000000000000e+00,5.941764265298843384e-02,2.654031515121459961e-01,5.550796166062355042e-03,2.778823720291256905e-03,2.572288811206817627e-01,4.006816148757934570e-01,8.939030580222606659e-03
1.392000000000000000e+03,4.640000152587890625e+01,1.000000000000000000e+00,6.309469044208526611e-02,3.235384225845336914e-01,1.584748178720474243e-02,2.447967883199453354e-03,2.467436194419860840e-01,3.321463167667388916e-01,1.618145778775215149e-02
1.398000000000000000e+03,4.659999847412109375e+01,1.000000000000000000e+00,5.216412991285324097e-02,2.639630436897277832e-01,2.350276522338390350e-02,2.828869735822081566e-03,2.323538661003112793e-01,4.043766558170318604e-01,2.081066370010375977e-02
1.404000000000000000e+03,4.679999923706054688e+01,1.000000000000000000e+00,5.415621772408485413e-02,2.137218862771987915e-01,3.277528658509254456e-02,4.713258706033229828e-03,2.904129922389984131e-01,3.710609376430511475e-01,3.315944224596023560e-02
1.410000000000000000e+03,4.700000000000000000e+01,1.000000000000000000e+00,4.902467876672744751e-02,2.701124548912048340e-01,7.849804311990737915e-02,3.055252833291888237e-03,2.363276779651641846e-01,3.169036805629730225e-01,4.607826098799705505e-02
1.416000000000000000e+03,4.720000076293945312e+01,1.000000000000000000e+00,5.264879390597343445e-02,2.232873737812042236e-01,7.255335897207260132e-02,3.526787739247083664e-03,2.840979099273681641e-01,3.163180649280548096e-01,4.756780713796615601e-02
1.422000000000000000e+03,4.740000152587890625e+01,1.000000000000000000e+00,5.571514368057250977e-02,2.673028111457824707e-01,6.874209642410278320e-02,3.001597244292497635e-03,2.589440345764160156e-01,3.022846281528472900e-01,4.400962591171264648e-02
1.428000000000000000e+03,4.759999847412109375e+01,1.000000000000000000e+00,4.218007251620292664e-02,5.087109804153442383e-01,2.190056815743446350e-02,3.519324352964758873e-03,1.553260535001754761e-01,2.528907358646392822e-01,1.547228544950485229e-02
1.434000000000000000e+03,4.779999923706054688e+01,1.000000000000000000e+00,2.462092973291873932e-02,5.987980961799621582e-01,3.549145162105560303e-02,3.350135870277881622e-03,1.329188644886016846e-01,1.856261938810348511e-01,1.919436641037464142e-02
1.440000000000000000e+03,4.800000000000000000e+01,1.000000000000000000e+00,2.529994025826454163e-02,4.596486389636993408e-01,6.737620383501052856e-02,3.285892540588974953e-03,1.559854149818420410e-01,2.582361698150634766e-01,3.016771562397480011e-02
1.446000000000000000e+03,4.820000076293945312e+01,1.000000000000000000e+00,3.633714839816093445e-02,1.726977229118347168e-01,6.585849076509475708e-02,5.319577641785144806e-03,3.145460784435272217e-01,3.686032593250274658e-01,3.663779050111770630e-02
1.452000000000000000e+03,4.840000152587890625e+01,1.000000000000000000e+00,4.337423667311668396e-02,2.320718765258789062e-01,4.932707175612449646e-02,3.635278902947902679e-03,3.105770051479339600e-01,3.281567990779876709e-01,3.285775333642959595e-02
1.458000000000000000e+03,4.859999847412109375e+01,1.000000000000000000e+00,3.363256528973579407e-02,1.886594742536544800e-01,4.079866409301757812e-02,3.151568816974759102e-03,2.717647254467010498e-01,4.413883090019226074e-01,2.060474269092082977e-02
1.464000000000000000e+03,4.879999923706054688e+01,1.000000000000000000e+00,2.682355232536792755e-02,1.818110197782516479e-01,7.295478880405426025e-02,5.918399896472692490e-03,1.970625370740890503e-01,4.721150398254394531e-01,4.331460595130920410e-02
1.470000000000000000e+03,4.900000000000000000e+01,1.000000000000000000e+00,4.238931462168693542e-02,1.210795268416404724e-01,5.372019112110137939e-02,7.158815860748291016e-03,2.910518050193786621e-01,4.468109309673309326e-01,3.778935596346855164e-02
1.476000000000000000e+03,4.920000076293945312e+01,1.000000000000000000e+00,3.076954372227191925e-02,2.004269510507583618e-01,6.433006376028060913e-02,7.207883056253194809e-03,2.327519804239273071e-01,4.138427078723907471e-01,5.067092180252075195e-02
1.482000000000000000e+03,4.940000152587890625e+01,1.000000000000000000e+00,2.256754040718078613e-02,1.185695454478263855e-01,1.330749839544296265e-01,4.795740358531475067e-03,2.203642576932907104e-01,4.499908685684204102e-01,5.063703283667564392e-02
1.488000000000000000e+03,4.959999847412109375e+01,1.000000000000000000e+00,2.077864855527877808e-02,1.108698397874832153e-01,1.148691773414611816e-01,5.349304061383008957e-03,2.372243255376815796e-01,4.504178762435913086e-01,6.049080565571784973e-02
1.494000000000000000e+03,4.979999923706054688e+01,1.000000000000000000e+00,2.231802046298980713e-02,9.825107455253601074e-02,1.148529797792434692e-01,6.755658891052007675e-03,2.422989606857299805e-01,4.572389423847198486e-01,5.828429013490676880e-02
1.500000000000000000e+03,5.000000000000000000e+01,1.000000000000000000e+00,2.421499043703079224e-02,2.589647769927978516e-01,6.499468535184860229e-02,3.390319179743528366e-03,2.042726129293441772e-01,4.023188948631286621e-01,4.184363782405853271e-02
1.506000000000000000e+03,5.020000076293945312e+01,1.000000000000000000e+00,1.629644259810447693e-02,1.727899909019470215e-01,7.620966434478759766e-02,3.843086771667003632e-03,1.950232535600662231e-01,4.926613569259643555e-01,4.317620024085044861e-02
1.512000000000000000e+03,5.040000152587890625e+01,1.000000000000000000e+00,6.326911598443984985e-02,3.950191736221313477e-01,1.159603986889123917e-02,6.628205534070730209e-03,1.882407665252685547e-01,3.276856243610382080e-01,7.561083883047103882e-03
1.518000000000000000e+03,5.059999847412109375e+01,1.000000000000000000e+00,2.998621761798858643e-02,1.834417134523391724e-01,5.125373229384422302e-02,4.614940844476222992e-03,1.833160370588302612e-01,5.130947828292846680e-01,3.429256379604339600e-02
1.524000000000000000e+03,5.079999923706054688e+01,1.000000000000000000e+00,1.585879176855087280e-02,1.490691155195236206e-01,6.537090241909027100e-02,4.071457311511039734e-03,1.770399808883666992e-01,5.601965785026550293e-01,2.839309908449649811e-02
1.530000000000000000e+03,5.100000000000000000e+01,1.000000000000000000e+00,1.841788552701473236e-02,2.724624276161193848e-01,5.123889073729515076e-02,3.592930966988205910e-03,1.877264827489852905e-01,4.361283481121063232e-01,3.043299168348312378e-02
1.536000000000000000e+03,5.120000076293945312e+01,1.000000000000000000e+00,2.300381846725940704e-02,1.637147665023803711e-01,9.675551205873489380e-02,9.477980434894561768e-03,2.262287437915802002e-01,4.255039095878601074e-01,5.531523376703262329e-02
1.542000000000000000e+03,5.140000152587890625e+01,1.000000000000000000e+00,1.475758664309978485e-02,1.356759816408157349e-01,1.643389165401458740e-01,3.837143536657094955e-03,1.558029204607009888e-01,4.724403917789459229e-01,5.314704775810241699e-02
1.548000000000000000e+03,5.159999847412109375e+01,1.000000000000000000e+00,1.843397133052349091e-02,1.468233168125152588e-01,1.298717707395553589e-01,4.258597735315561295e-03,1.687609851360321045e-01,4.854926466941833496e-01,4.635864868760108948e-02
1.554000000000000000e+03,5.179999923706054688e+01,1.000000000000000000e+00,2.133257128298282623e-02,3.334076702594757080e-01,1.041712388396263123e-01,5.865426734089851379e-03,1.850139945745468140e-01,3.066941797733306885e-01,4.351493716239929199e-02
1.560000000000000000e+03,5.200000000000000000e+01,1.000000000000000000e+00,2.007603086531162262e-02,2.394408881664276123e-01,1.199973002076148987e-01,5.076156929135322571e-03,2.201117277145385742e-01,3.412309288978576660e-01,5.406690761446952820e-02
1.566000000000000000e+03,5.220000076293945312e+01,1.000000000000000000e+00,2.251756563782691956e-02,1.984944939613342285e-01,1.400962918996810913e-01,4.064002074301242828e-03,1.948776692152023315e-01,3.891327679157257080e-01,5.081730708479881287e-02
1.572000000000000000e+03,5.240000152587890625e+01,1.000000000000000000e+00,2.210531383752822876e-02,3.312296271324157715e-01,5.685721710324287415e-02,5.185367539525032043e-03,1.931199133396148682e-01,3.622390925884246826e-01,2.926350198686122894e-02
1.578000000000000000e+03,5.259999847412109375e+01,1.000000000000000000e+00,2.769085392355918884e-02,2.305752784013748169e-01,4.625058174133300781e-02,6.206767633557319641e-03,2.610679566860198975e-01,3.975135684013366699e-01,3.069494664669036865e-02
1.584000000000000000e+03,5.279999923706054688e+01,1.000000000000000000e+00,3.669637441635131836e-02,1.390096843242645264e-01,3.924703225493431091e-02,7.849710993468761444e-03,3.311302959918975830e-01,4.133767485618591309e-01,3.269010409712791443e-02
1.590000000000000000e+03,5.300000000000000000e+01,1.000000000000000000e+00,2.360006794333457947e-02,1.304586678743362427e-01,7.858873903751373291e-02,5.096484441310167313e-03,2.686061561107635498e-01,4.486750364303588867e-01,4.497492313385009766e-02
1.596000000000000000e+03,5.320000076293945312e+01,1.000000000000000000e+00,2.666354365646839142e-02,1.513459086418151855e-01,9.286121279001235962e-02,5.718483123928308487e-03,2.796964347362518311e-01,3.941158056259155273e-01,4.959871619939804077e-02
1.602000000000000000e+03,5.340000152587890625e+01,1.000000000000000000e+00,3.323388472199440002e-02,1.420280039310455322e-01,5.639354512095451355e-02,4.258243367075920105e-03,2.812879383563995361e-01,4.427659213542938232e-01,4.003250226378440857e-02
1.608000000000000000e+03,5.359999847412109375e+01,1.000000000000000000e+00,3.090477734804153442e-02,1.058310940861701965e-01,6.005323678255081177e-02,4.068836569786071777e-03,2.896042168140411377e-01,4.684332907199859619e-01,4.110455513000488281e-02
1.614000000000000000e+03,5.379999923706054688e+01,1.000000000000000000e+00,4.211246222257614136e-02,1.119532808661460876e-01,8.091369271278381348e-02,6.213493645191192627e-03,3.453515768051147461e-01,3.572590351104736328e-01,5.619647726416587830e-02
1.620000000000000000e+03,5.400000000000000000e+01,1.000000000000000000e+00,3.389704227447509766e-02,1.287366598844528198e-01,5.886201933026313782e-02,5.022674798965454102e-03,2.790850996971130371e-01,4.578441083431243896e-01,3.655239939689636230e-02
1.626000000000000000e+03,5.420000076293945312e+01,1.000000000000000000e+00,3.916004300117492676e-02,6.877527385950088501e-02,7.179234176874160767e-02,4.964979365468025208e-03,3.142261207103729248e-01,4.575988948345184326e-01,4.348241165280342102e-02
1.632000000000000000e+03,5.440000152587890625e+01,1.000000000000000000e+00,4.494906589388847351e-02,1.460210829973220825e-01,7.659865170717239380e-02,4.691831767559051514e-03,2.652928233146667480e-01,4.200642406940460205e-01,4.238231852650642395e-02
1.638000000000000000e+03,5.459999847412109375e+01,1.000000000000000000e+00,3.661974519491195679e-02,1.240084990859031677e-01,9.162466973066329956e-02,4.522404633462429047e-03,2.622011601924896240e-01,4.348177611827850342e-01,4.620579630136489868e-02
1.644000000000000000e+03,5.479999923706054688e+01,1.000000000000000000e+00,4.413039237260818481e-02,8.863016217947006226e-02,8.097314834594726562e-02,6.583677604794502258e-03,3.297761678695678711e-01,3.874876201152801514e-01,6.241881847381591797e-02
1.650000000000000000e+03,5.500000000000000000e+01,1.000000000000000000e+00,4.162313044071197510e-02,9.353958070278167725e-02,7.456913590431213379e-02,5.594142246991395950e-03,3.288491964340209961e-01,4.021330475807189941e-01,5.369176343083381653e-02
1.656000000000000000e+03,5.520000076293945312e+01,1.000000000000000000e+00,2.541218325495719910e-02,4.034291580319404602e-02,5.709293484687805176e-02,5.488474387675523758e-03,3.462765514850616455e-01,4.723570048809051514e-01,5.302986130118370056e-02
1.662000000000000000e+03,5.540000152587890625e+01,1.000000000000000000e+00,2.832924760878086090e-02,7.846707105636596680e-02,8.178511261940002441e-02,5.163227207958698273e-03,3.107609152793884277e-01,4.468384087085723877e-01,4.865601658821105957e-02
1.668000000000000000e+03,5.559999847412109375e+01,1.000000000000000000e+00,2.227286621928215027e-02,7.140947133302688599e-02,6.569880247116088867e-02,3.604646772146224976e-03,2.680804431438446045e-01,5.263410806655883789e-01,4.259271919727325439e-02
1.674000000000000000e+03,5.579999923706054688e+01,1.000000000000000000e+00,2.374880202114582062e-02,6.989316642284393311e-02,1.257420033216476440e-01,4.870217759162187576e-03,2.731682360172271729e-01,4.436289370059967041e-01,5.894858017563819885e-02
1.680000000000000000e+03,5.600000000000000000e+01,1.000000000000000000e+00,2.855681069195270538e-02,7.426401972770690918e-02,8.843072503805160522e-02,4.956011660397052765e-03,3.200502097606658936e-01,4.216027855873107910e-01,6.213944032788276672e-02
1.686000000000000000e+03,5.620000076293945312e+01,1.000000000000000000e+00,2.820871211588382721e-02,5.502869188785552979e-02,8.776859939098358154e-02,3.932829946279525757e-03,3.106270730495452881e-01,4.596559107303619385e-01,5.477813631296157837e-02
1.692000000000000000e+03,5.640000152587890625e+01,1.000000000000000000e+00,3.414541855454444885e-02,1.751260757446289062e-01,5.386589467525482178e-02,5.443969741463661194e-03,2.080711126327514648e-01,4.943789541721343994e-01,2.896854653954505920e-02
1.698000000000000000e+03,5.659999847412109375e+01,1.000000000000000000e+00,2.241279743611812592e-02,1.406207084655761719e-01,4.515355080366134644e-02,5.007911473512649536e-03,2.103358507156372070e-01,5.537446141242980957e-01,2.272452600300312042e-02
1.704000000000000000e+03,5.679999923706054688e+01,1.000000000000000000e+00,2.455654926598072052e-02,2.091537564992904663e-01,9.881616383790969849e-02,5.772967822849750519e-03,2.314826697111129761e-01,3.830401301383972168e-01,4.717777669429779053e-02
1.710000000000000000e+03,5.700000000000000000e+01,1.000000000000000000e+00,2.319052815437316895e-02,2.500575184822082520e-01,1.212505549192428589e-01,5.056824535131454468e-03,1.943198144435882568e-01,3.643407523632049561e-01,4.178396612405776978e-02
1.716000000000000000e+03,5.720000076293945312e+01,1.000000000000000000e+00,2.613960951566696167e-02,1.980839669704437256e-01,1.273284852504730225e-01,6.615774706006050110e-03,1.925106942653656006e-01,4.075701534748077393e-01,4.175134375691413879e-02
1.722000000000000000e+03,5.740000152587890625e+01,1.000000000000000000e+00,2.241048216819763184e-02,1.755280941724777222e-01,1.064626276493072510e-01,4.401463549584150314e-03,1.550283581018447876e-01,5.038589835166931152e-01,3.230998292565345764e-02
1.728000000000000000e+03,5.759999847412109375e+01,1.000000000000000000e+00,2.352219633758068085e-02,2.448932081460952759e-01,9.053219854831695557e-02,4.677532240748405457e-03,1.379401832818984985e-01,4.678551852703094482e-01,3.057945892214775085e-02
1.734000000000000000e+03,5.779999923706054688e+01,1.000000000000000000e+00,2.882718667387962341e-02,2.166341096162796021e-01,3.649474680423736572e-02,5.222458858042955399e-03,1.579906940460205078e-01,5.360910296440124512e-01,1.873980835080146790e-02
1.740000000000000000e+03,5.800000000000000000e+01,1.000000000000000000e+00,2.626827359199523926e-02,2.141972631216049194e-01,4.341045394539833069e-02,3.260196652263402939e-03,1.469410657882690430e-01,5.452564358711242676e-01,2.066628821194171906e-02
1.746000000000000000e+03,5.820000076293945312e+01,1.000000000000000000e+00,1.816452853381633759e-02,7.756683230400085449e-02,4.878615587949752808e-02,2.869608812034130096e-03,1.793406456708908081e-01,6.548295021057128906e-01,1.844270527362823486e-02
1.752000000000000000e+03,5.840000152587890625e+01,1.000000000000000000e+00,1.716912165284156799e-02,1.462343931198120117e-01,4.006635770201683044e-02,5.517598241567611694e-03,1.373834162950515747e-01,6.349379420280456543e-01,1.869123429059982300e-02
1.758000000000000000e+03,5.859999847412109375e+01,1.000000000000000000e+00,2.745006978511810303e-02,2.424266636371612549e-01,3.279827907681465149e-02,6.601761095225811005e-03,1.404814124107360840e-01,5.326126813888549805e-01,1.762914843857288361e-02
1.764000000000000000e+03,5.879999923706054688e+01,1.000000000000000000e+00,6.589418649673461914e-02,1.259204000234603882e-01,8.774039335548877716e-03,7.110317237675189972e-03,2.660370767116546631e-01,5.187719464302062988e-01,7.492044009268283844e-03
1.770000000000000000e+03,5.900000000000000000e+01,1.000000000000000000e+00,3.702889010310173035e-02,1.220772340893745422e-01,2.186957560479640961e-02,4.664137959480285645e-03,2.546036541461944580e-01,5.435816645622253418e-01,1.617481745779514313e-02
1.776000000000000000e+03,5.920000076293945312e+01,1.000000000000000000e+00,2.942355349659919739e-02,3.319197893142700195e-01,2.918396517634391785e-02,4.013662226498126984e-03,1.698011308908462524e-01,4.155836403369903564e-01,2.007429301738739014e-02
1.782000000000000000e+03,5.940000152587890625e+01,1.000000000000000000e+00,4.020790383219718933e-02,1.606475412845611572e-01,4.288452863693237305e-02,4.979599732905626297e-03,2.468157261610031128e-01,4.787028729915618896e-01,2.576181851327419281e-02
1.788000000000000000e+03,5.959999847412109375e+01,1.000000000000000000e+00,4.110721498727798462e-02,1.277140229940414429e-01,6.426686048507690430e-02,5.367292091250419617e-03,2.713029682636260986e-01,4.550941288471221924e-01,3.514754399657249451e-02
