Filename,Start Time
3332W300.mp4,55:27
3332W500.mp4,32:13
3332W600.mp4,44:27
3332W600.mp4,44:31
3332W600.mp4,44:34
3332W600.mp4,44:53
3332W600.mp4,36:45
3332W600.mp4,58:07
3332W701.mp4,27:08
3332W701.mp4,37:54
3332W800.mp4,10:02
3332W801.mp4,16:50
3332W801.mp4,16:52
3332W901.mp4,06:44
3332W901.mp4,08:34
3332W901.mp4,17:13
3332W901.mp4,20:08
3332W901.mp4,20:10
3332W901.mp4,20:14
3332W901.mp4,20:16
3332W901.mp4,30:48
3332WA00.mp4,24:01
3332WA00.mp4,28:10
3332WA00.mp4,37:56
3332WA00.mp4,50:52
3332WA00.mp4,51:59
3332WA00.mp4,52:00
3332WA00.mp4,54:57
3332WA00.mp4,54:58
3332WA01.mp4,09:58
3332WA01.mp4,10:26
3332WA01.mp4,18:50
3332WA01.mp4,28:50
3332WB00.mp4,42:38
3332WB00.mp4,42:42
3332WB00.mp4,42:43
3332WB00.mp4,42:45
3332WB00.mp4,42:46
3332WC00.mp4,35:29
3332WC01.mp4,55:07
3332WC01.mp4,55:11
3332WD00.mp4,02:11
3332WD00.mp4,31:56
3332WD00.mp4,39:30
3332WD01.mp4,29:36
3332WE01.mp4,47:45
3332WF01.mp4,30:36
3332WH00.mp4,41:26
3332WH00.mp4,41:45
3332WH00.mp4,42:21
3332WH00.mp4,42:22
3332WJ00.mp4,34:21
3332WJ01.mp4,47:56
3332WK00.mp4,36:00
3332WK00.mp4,36:02
3332WK01.mp4,11:16
3332WK01.mp4,11:50
3332WK01.mp4,19:48
3332WK01.mp4,19:52
3332WK01.mp4,21:01
3332WK01.mp4,24:12
3332WK01.mp4,24:15
3332WK01.mp4,24:18
3332WK01.mp4,24:20
3332WK01.mp4,24:27
3332WK01.mp4,25:26
3332WK01.mp4,28:54
3332WK01.mp4,28:56
3332WK01.mp4,28:58
3332WK01.mp4,33:30
3332WK01.mp4,37:14
3332WK01.mp4,40:40
3332WK01.mp4,40:44
3332WK01.mp4,40:46
3332WK01.mp4,41:07
3332WK01.mp4,41:08
3332WK01.mp4,45:23
3332WK01.mp4,45:38
3332WK01.mp4,45:40
3332WK01.mp4,47:18
3332WL01.mp4,20:26
3332WM00.mp4,33:27
3332WN00.mp4,37:56
3332WN00.mp4,42:28
3332WN00.mp4,42:32
3332WN00.mp4,42:56
3332WN00.mp4,46:54
3332WN00.mp4,46:55
3332WN00.mp4,46:59
3332WN00.mp4,47:01
3332WN00.mp4,47:05
3332WN00.mp4,47:07
3332WN00.mp4,50:05
3332WN00.mp4,51:29
3332WN00.mp4,51:49
3332WN00.mp4,51:53
3332WN00.mp4,53:06
3332WN00.mp4,55:46
3332WN00.mp4,55:48
3332WN00.mp4,55:51
3332WN00.mp4,56:01
3332WN00.mp4,56:04
3332WN01.mp4,11:45
3332WN01.mp4,11:48
3332WN01.mp4,58:36
3332WO00.mp4,22:46
3332WO01.mp4,02:18
3332WP00.mp4,00:28
3332WP00.mp4,16:12
3332WP00.mp4,17:39
3332WP00.mp4,17:40
3332WP00.mp4,24:39
3332WP00.mp4,25:26
3332WP00.mp4,26:42
3332WP00.mp4,26:54
3332WP00.mp4,28:22
3332WP00.mp4,29:09
3332WP01.mp4,09:48
3332WP01.mp4,09:51
3332WP01.mp4,50:32
3332WP01.mp4,50:33
3332WQ01.mp4,52:24
3332WQ01.mp4,52:26
3332WV00.mp4,41:00
3332WV00.mp4,51:29
3332WV00.mp4,51:43
3332WV00.mp4,53:55
3332WV01.mp4,12:39
3332WV01.mp4,12:47
3332WV01.mp4,13:46
3332WV01.mp4,13:47
3332WV01.mp4,14:21
3332WV01.mp4,14:23
3332WV01.mp4,14:35
3332WV01.mp4,14:39
3332WV01.mp4,14:46
3332WV01.mp4,15:48
3332WV01.mp4,15:49
3332WV01.mp4,16:01
3332WV01.mp4,16:38
3332WV01.mp4,17:55
3332WV01.mp4,17:59
3332WV01.mp4,18:10
3332WV01.mp4,18:21
3332WV01.mp4,18:38
3332WV01.mp4,19:14
3332WV01.mp4,19:18
3332WV01.mp4,19:20
3332WV01.mp4,19:22
3332WV01.mp4,21:10
3332WV01.mp4,21:43
3332WV01.mp4,22:38
3332WV01.mp4,40:41
3332WV01.mp4,51:31
3332WW00.mp4,06:47
3332WW00.mp4,06:52
3332WW00.mp4,07:25
3332WW00.mp4,08:54
3332WW00.mp4,08:55
3332WW00.mp4,12:10
3332WW00.mp4,12:21
3332WW00.mp4,14:11
3332WW00.mp4,23:31
3332WW01.mp4,06:01
3332WW01.mp4,06:11
3332WW01.mp4,14:19
3332WW01.mp4,15:13
3332WW01.mp4,16:12
3332WW01.mp4,16:13
3332WW01.mp4,16:14
3332WW01.mp4,16:23
3332WW01.mp4,16:25
3332WW01.mp4,16:30
3332WW01.mp4,16:33
3332WW01.mp4,16:46
3332WW01.mp4,16:50
3332WW01.mp4,16:52
3332WW01.mp4,17:10
3332WW01.mp4,17:22
3332WW01.mp4,18:10
3332WW01.mp4,18:16
3332WW01.mp4,18:51
3332WW01.mp4,19:03
3332WW01.mp4,19:19
3332WW01.mp4,23:44
3332WW01.mp4,25:40
3332WW01.mp4,27:22
3332WW01.mp4,27:37
3332WW01.mp4,27:44
3332WW01.mp4,28:32
3332WW01.mp4,28:48
3332WW01.mp4,28:50
3332WW01.mp4,29:27
3332WW01.mp4,29:30
3332WW01.mp4,29:45
3332WW01.mp4,30:17
3332WW01.mp4,30:19
3332WW01.mp4,30:34
3332WW01.mp4,30:35
3332WW01.mp4,30:49
3332WW01.mp4,30:55
3332WW01.mp4,31:53
3332WW01.mp4,31:57
3332WW01.mp4,32:08
3332WW01.mp4,32:14
3332WX00.mp4,51:37
3332WX00.mp4,51:45
3332WX01.mp4,04:21
3332WX01.mp4,08:25
3332WY00.mp4,38:50
3332WY00.mp4,40:22
3332WY00.mp4,50:32
3332WY00.mp4,50:52
3332WY00.mp4,57:00
3332WY00.mp4,58:06
3332WY00.mp4,58:29
3332WY00.mp4,07:49
3332WY00.mp4,09:55
3332WY00.mp4,10:36
3332WY00.mp4,10:57
3332WY00.mp4,14:00
3332WY00.mp4,16:10
3332WY00.mp4,16:13
3332WY00.mp4,17:02
3332WY00.mp4,19:43
3332WY00.mp4,21:47
3332WY00.mp4,21:48
3332WY00.mp4,22:10
3332WY00.mp4,24:08
3332WY00.mp4,24:10
3332WY00.mp4,25:44
3332WY00.mp4,26:25
3332WY00.mp4,26:27
3332WY00.mp4,26:32
3332WY00.mp4,26:33
3332WY00.mp4,26:41
3332WY00.mp4,26:47
3332WY00.mp4,26:51
3332WY00.mp4,26:52
3332WY00.mp4,55:49
3332WY00.mp4,57:38
3332WY01.mp4,00:27
3332WY01.mp4,00:39
3332WY01.mp4,11:34
3332WY01.mp4,11:37
3332WY01.mp4,13:21
3332WY01.mp4,14:32
3332WY01.mp4,15:02
3332WY01.mp4,15:58
3332WY01.mp4,21:54
3332WY01.mp4,42:49
3332WY01.mp4,44:49
3332WY01.mp4,46:25
3332WY01.mp4,46:32
3332WY01.mp4,46:34
3332WY01.mp4,48:00
3332WZ00.mp4,02:48
3332WZ00.mp4,02:49
3332WZ00.mp4,25:19
3332WZ00.mp4,25:20
3332WZ00.mp4,25:22
3332WZ00.mp4,26:12
3332WZ00.mp4,33:03
3332WZ00.mp4,33:04
3332WZ00.mp4,33:26
3332WZ00.mp4,50:38
3332WZ00.mp4,59:27
3332WZ01.mp4,04:32
3332WZ01.mp4,04:50
3332WZ01.mp4,06:57
3332WZ01.mp4,07:03
3332WZ01.mp4,07:06
3332WZ01.mp4,07:15
3332WZ01.mp4,09:07
3332WZ01.mp4,09:08
3332WZ01.mp4,09:22
3332WZ01.mp4,09:31
3332WZ01.mp4,11:13
3332WZ01.mp4,11:39
3332WZ01.mp4,11:40
3332WZ01.mp4,11:43
3332WZ01.mp4,11:45
3332WZ01.mp4,13:47
3332WZ01.mp4,13:56
3332WZ01.mp4,14:00
3332WZ01.mp4,16:29
3332WZ01.mp4,20:33
3332WZ01.mp4,26:29
3332WZ01.mp4,35:12
3332WZ01.mp4,39:19
3332WZ01.mp4,39:20
3332WZ01.mp4,39:21
3332WZ01.mp4,40:09
3332WZ01.mp4,40:16
3332WZ01.mp4,40:41
3332WZ01.mp4,41:29
3332WZ01.mp4,41:57
3332WZ01.mp4,41:58
3332WZ01.mp4,42:00
3332WZ01.mp4,42:03
3332WZ01.mp4,32:55
3332WZ01.mp4,59:34
3332X000.mp4,05:58
3332X000.mp4,06:02
3332X000.mp4,06:29
3332X000.mp4,06:30
3332X000.mp4,13:06
3332X000.mp4,28:49
3332X000.mp4,28:50
3332X000.mp4,28:51
3332X000.mp4,45:54
3332X001.mp4,09:24
3332X001.mp4,13:21
3332X001.mp4,13:22
3332X001.mp4,16:35
3332X001.mp4,16:44
3332X001.mp4,37:18
3332X100.mp4,44:33
3332X100.mp4,44:47
3332X100.mp4,45:32
3332X100.mp4,45:35
3332X100.mp4,45:39
3332X100.mp4,46:24
3332X100.mp4,46:27
3332X100.mp4,48:51
3332X100.mp4,48:53
3332X100.mp4,48:57
3332X100.mp4,49:05
3332X100.mp4,49:10
3332X100.mp4,49:11
3332X100.mp4,49:12
3332X100.mp4,49:15
3332X100.mp4,49:16
3332X100.mp4,49:17
3332X100.mp4,49:19
3332X100.mp4,49:21
3332X100.mp4,49:23
3332X100.mp4,49:24
3332X100.mp4,49:29
3332X100.mp4,49:45
3332X100.mp4,49:49
3332X100.mp4,50:01
3332X100.mp4,50:02
3332X100.mp4,50:03
3332X100.mp4,50:08
3332X100.mp4,50:11
3332X100.mp4,50:16
3332X100.mp4,50:17
3332X100.mp4,50:19
3332X100.mp4,50:21
3332X100.mp4,50:22
3332X100.mp4,50:27
3332X100.mp4,50:28
3332X100.mp4,50:30
3332X100.mp4,50:32
3332X100.mp4,50:35
3332X100.mp4,50:36
3332X100.mp4,50:38
3332X100.mp4,50:39
3332X100.mp4,50:41
3332X100.mp4,50:55
3332X100.mp4,51:00
3332X100.mp4,51:42
3332X100.mp4,51:49
3332X100.mp4,51:50
3332X100.mp4,51:51
3332X100.mp4,51:55
3332X100.mp4,51:59
3332X100.mp4,52:03
3332X100.mp4,52:05
3332X100.mp4,52:08
3332X100.mp4,52:09
3332X100.mp4,52:10
3332X100.mp4,52:12
3332X100.mp4,52:14
3332X100.mp4,52:16
3332X100.mp4,52:18
3332X100.mp4,52:20
3332X100.mp4,52:21
3332X100.mp4,52:26
3332X100.mp4,52:29
3332X100.mp4,52:32
3332X100.mp4,52:36
3332X100.mp4,52:38
3332X100.mp4,52:41
3332X100.mp4,52:42
3332X100.mp4,52:44
3332X100.mp4,52:46
3332X100.mp4,52:48
3332X100.mp4,52:50
3332X100.mp4,53:03
3332X100.mp4,53:06
3332X100.mp4,53:07
3332X100.mp4,53:08
3332X100.mp4,53:09
3332X100.mp4,53:13
3332X100.mp4,53:14
3332X100.mp4,53:16
3332X100.mp4,53:18
3332X100.mp4,53:20
3332X100.mp4,53:21
3332X100.mp4,53:24
3332X100.mp4,53:41
3332X100.mp4,54:00
3332X100.mp4,54:03
3332X100.mp4,54:04
3332X100.mp4,54:08
3332X100.mp4,54:52
3332X100.mp4,54:54
3332X100.mp4,55:02
3332X100.mp4,55:03
3332X100.mp4,55:04
3332X100.mp4,55:07
3332X100.mp4,55:08
3332X100.mp4,55:13
3332X100.mp4,55:14
3332X100.mp4,55:16
3332X100.mp4,55:19
3332X100.mp4,55:21
3332X100.mp4,55:22
3332X100.mp4,55:26
3332X100.mp4,55:31
3332X100.mp4,55:33
3332X100.mp4,55:38
3332X100.mp4,55:39
3332X100.mp4,55:43
3332X100.mp4,55:50
3332X100.mp4,55:51
3332X100.mp4,55:54
3332X100.mp4,55:55
3332X100.mp4,55:56
3332X100.mp4,55:57
3332X100.mp4,55:59
3332X100.mp4,56:00
3332X100.mp4,56:01
3332X100.mp4,56:04
3332X100.mp4,56:05
3332X100.mp4,56:08
3332X100.mp4,56:09
3332X100.mp4,56:10
3332X100.mp4,56:12
3332X100.mp4,56:17
3332X100.mp4,56:19
3332X100.mp4,56:20
3332X100.mp4,56:21
3332X100.mp4,56:28
3332X100.mp4,56:31
3332X100.mp4,56:41
3332X100.mp4,56:45
3332X100.mp4,56:47
3332X100.mp4,56:50
3332X100.mp4,56:53
3332X100.mp4,56:55
3332X100.mp4,56:56
3332X100.mp4,56:57
3332X100.mp4,57:05
3332X100.mp4,57:09
3332X100.mp4,57:12
3332X100.mp4,57:13
3332X100.mp4,57:19
3332X100.mp4,58:28
3332X100.mp4,58:30
3332X100.mp4,58:31
3332X100.mp4,58:32
3332X100.mp4,58:36
3332X100.mp4,58:39
3332X100.mp4,58:49
3332X100.mp4,58:50
3332X100.mp4,58:51
3332X100.mp4,58:57
3332X100.mp4,59:01
3332X101.mp4,02:04
3332X101.mp4,02:05
3332X101.mp4,02:53
3332X101.mp4,03:05
3332X101.mp4,03:27
3332X101.mp4,03:40
3332X101.mp4,03:59
3332X101.mp4,04:01
3332X101.mp4,04:06
3332X101.mp4,04:10
3332X101.mp4,04:21
3332X101.mp4,04:30
3332X101.mp4,04:34
3332X101.mp4,04:37
3332X101.mp4,04:40
3332X101.mp4,04:49
3332X101.mp4,08:09
3332X101.mp4,08:11
3332X101.mp4,09:55
3332X101.mp4,10:11
3332X101.mp4,10:13
3332X101.mp4,10:17
3332X101.mp4,13:34
3332X101.mp4,13:36
3332X101.mp4,13:57
3332X101.mp4,13:58
3332X101.mp4,14:07
3332X101.mp4,14:13
3332X101.mp4,14:17
3332X101.mp4,14:19
3332X101.mp4,14:23
3332X101.mp4,14:25
3332X101.mp4,14:31
3332X101.mp4,15:01
3332X101.mp4,15:29
3332X101.mp4,15:32
3332X101.mp4,15:54
3332X101.mp4,16:05
3332X101.mp4,16:44
3332X101.mp4,16:46
3332X101.mp4,16:50
3332X101.mp4,16:59
3332X101.mp4,17:00
3332X101.mp4,17:05
3332X101.mp4,17:19
3332X101.mp4,17:21
3332X101.mp4,17:24
3332X101.mp4,17:28
3332X101.mp4,17:31
3332X101.mp4,17:41
3332X101.mp4,17:42
3332X101.mp4,17:43
3332X101.mp4,17:46
3332X101.mp4,17:48
3332X101.mp4,17:51
3332X101.mp4,17:52
3332X101.mp4,18:01
3332X101.mp4,18:03
3332X101.mp4,18:14
3332X101.mp4,18:17
3332X101.mp4,18:23
3332X101.mp4,18:25
3332X101.mp4,18:40
3332X101.mp4,18:50
3332X101.mp4,18:54
3332X101.mp4,18:59
3332X101.mp4,19:00
3332X101.mp4,19:02
3332X101.mp4,19:31
3332X101.mp4,19:38
3332X101.mp4,19:40
3332X101.mp4,20:05
3332X101.mp4,20:08
3332X101.mp4,20:09
3332X101.mp4,20:22
3332X101.mp4,20:23
3332X101.mp4,20:29
3332X101.mp4,20:42
3332X101.mp4,20:54
3332X101.mp4,20:55
3332X101.mp4,20:58
3332X101.mp4,21:00
3332X101.mp4,21:13
3332X101.mp4,21:17
3332X101.mp4,21:20
3332X101.mp4,21:34
3332X101.mp4,21:38
3332X101.mp4,21:41
3332X101.mp4,21:48
3332X101.mp4,21:49
3332X101.mp4,21:56
3332X101.mp4,21:57
3332X101.mp4,21:59
3332X101.mp4,22:00
3332X101.mp4,22:01
3332X101.mp4,22:02
3332X101.mp4,22:03
3332X101.mp4,22:06
3332X101.mp4,22:07
3332X101.mp4,22:08
3332X101.mp4,22:11
3332X101.mp4,22:12
3332X101.mp4,22:15
3332X101.mp4,22:24
3332X101.mp4,22:26
3332X101.mp4,22:28
3332X101.mp4,22:30
3332X101.mp4,22:31
3332X101.mp4,22:32
3332X101.mp4,22:34
3332X101.mp4,22:36
3332X101.mp4,22:40
3332X101.mp4,22:41
3332X101.mp4,22:42
3332X101.mp4,22:44
3332X101.mp4,22:47
3332X101.mp4,22:49
3332X101.mp4,22:51
3332X101.mp4,22:53
3332X101.mp4,23:03
3332X101.mp4,23:04
3332X101.mp4,23:05
3332X101.mp4,23:08
3332X101.mp4,23:10
3332X101.mp4,23:11
3332X101.mp4,23:15
3332X101.mp4,23:16
3332X101.mp4,23:18
3332X101.mp4,23:21
3332X101.mp4,23:31
3332X101.mp4,23:37
3332X101.mp4,23:40
3332X101.mp4,23:41
3332X101.mp4,23:44
3332X101.mp4,23:48
3332X101.mp4,23:49
3332X101.mp4,23:50
3332X101.mp4,23:51
3332X101.mp4,23:55
3332X101.mp4,24:00
3332X101.mp4,26:56
3332X101.mp4,28:17
3332X101.mp4,28:18
3332X101.mp4,28:31
3332X101.mp4,28:32
3332X101.mp4,28:34
3332X101.mp4,37:55
3332X101.mp4,37:59
3332X200.mp4,04:11
3332X200.mp4,07:19
3332X200.mp4,07:58
3332X200.mp4,10:07
3332X200.mp4,11:21
3332X200.mp4,28:13
3332X200.mp4,28:34
3332X200.mp4,28:44
3332X200.mp4,28:50
3332X200.mp4,28:52
3332X200.mp4,28:55
3332X200.mp4,29:02
3332X200.mp4,41:46
3332X200.mp4,43:13
3332X200.mp4,43:15
3332X200.mp4,43:23
3332X200.mp4,43:35
3332X200.mp4,43:54
3332X200.mp4,47:49
3332X200.mp4,56:03
3332X201.mp4,03:18
3332X201.mp4,04:41
3332X201.mp4,06:54
3332X201.mp4,17:20
3332X201.mp4,18:36
3332X201.mp4,30:43
3332X201.mp4,33:47
3332X201.mp4,34:56
3332X201.mp4,36:21
3332X201.mp4,43:12
3332X201.mp4,44:12
3332X201.mp4,45:50
3332X201.mp4,45:53
3332X201.mp4,49:30
3332X201.mp4,51:05
3332X201.mp4,51:54
3332X201.mp4,53:13
3332X201.mp4,53:28
3332X201.mp4,53:31
3332X201.mp4,53:32
3332X201.mp4,53:34
3332X201.mp4,53:37
3332X201.mp4,53:38
3332X201.mp4,53:48
3332X201.mp4,53:51
3332X201.mp4,53:57
3332X201.mp4,54:00
3332X300.mp4,03:26
3332X300.mp4,13:27
3332X300.mp4,13:28
3332X300.mp4,13:31
3332X300.mp4,13:38
3332X300.mp4,15:22
3332X300.mp4,15:23
3332X300.mp4,16:21
3332X300.mp4,18:19
3332X300.mp4,18:22
3332X300.mp4,18:25
3332X300.mp4,18:29
3332X300.mp4,19:44
3332X300.mp4,19:46
3332X300.mp4,20:46
3332X300.mp4,21:43
3332X301.mp4,10:00
3332X301.mp4,12:02
3332X301.mp4,12:56
3332X301.mp4,12:58
3332X301.mp4,13:02
3332X301.mp4,13:06
3332X301.mp4,13:07
3332X301.mp4,13:23
3332X301.mp4,13:35
3332X301.mp4,13:40
3332X301.mp4,13:49
3332X301.mp4,13:51
3332X301.mp4,16:52
3332X301.mp4,16:53
3332X301.mp4,19:28
3332X301.mp4,21:02
3332X301.mp4,21:12
3332X301.mp4,21:14
3332X301.mp4,21:33
3332X301.mp4,21:42
3332X301.mp4,21:58
3332X301.mp4,23:15
3332X301.mp4,25:02
3332X301.mp4,28:07
3332X301.mp4,28:09
3332X301.mp4,28:14
3332X301.mp4,28:15
3332X301.mp4,28:16
3332X400.mp4,09:59
3332X601.mp4,03:36
3332X601.mp4,07:01
3332X601.mp4,07:14
3332X601.mp4,07:57
3332X601.mp4,08:40
3332X700.mp4,42:23
3332X700.mp4,44:06
3332X700.mp4,47:17
3332X700.mp4,47:20
3332X700.mp4,49:59
3332X700.mp4,50:04
3332X700.mp4,51:18
3332X700.mp4,55:41
3332X700.mp4,55:50
3332X700.mp4,55:55
3332X700.mp4,55:58
3332X700.mp4,55:59
3332X700.mp4,56:00
3332X700.mp4,56:51
3332X700.mp4,56:53
3332X700.mp4,56:56
3332X700.mp4,56:57
3332X700.mp4,56:58
3332X700.mp4,57:14
3332X700.mp4,58:07
3332X700.mp4,58:37
3332X700.mp4,58:39
3332X700.mp4,58:40
3332X700.mp4,59:02
3332X700.mp4,59:05
3332X700.mp4,59:07
3332X700.mp4,59:08
3332X700.mp4,59:11
3332X700.mp4,59:13
3332X700.mp4,59:15
3332X701.mp4,34:47
3332X701.mp4,34:48
3332X701.mp4,34:55
3332X701.mp4,34:56
3332X701.mp4,35:04
3332X701.mp4,51:55
3332X701.mp4,52:48
3332X701.mp4,52:49
3332X701.mp4,52:50
3332X701.mp4,53:14
3332X800.mp4,21:10
3332X800.mp4,21:19
3332X800.mp4,21:31
3332X800.mp4,23:56
3332X801.mp4,09:59
3332X801.mp4,15:05
3332X801.mp4,15:06
3332X801.mp4,15:19
3332X801.mp4,17:53
3332X801.mp4,18:37
3332X801.mp4,18:38
3332X801.mp4,34:22
3332X801.mp4,34:27
3332X801.mp4,34:28
3332X801.mp4,34:29
3332X801.mp4,34:30
3332X801.mp4,34:31
3332X801.mp4,34:35
3332X801.mp4,34:46
3332X801.mp4,34:47
3332X801.mp4,34:50
3332X801.mp4,38:45
3332X801.mp4,38:46
3332X801.mp4,42:32
3332X801.mp4,42:33
3332X801.mp4,43:44
3332X801.mp4,43:47
3332X801.mp4,43:48
3332X801.mp4,43:51
3332X801.mp4,43:59
3332X801.mp4,44:01
3332X801.mp4,46:10
3332X801.mp4,47:14
3332X801.mp4,47:15
3332X801.mp4,48:21
3332X801.mp4,51:04
3332X801.mp4,51:06
3332X801.mp4,51:14
3332X801.mp4,51:24
3332X801.mp4,51:28
3332X801.mp4,52:10
3332X801.mp4,53:27
3332X801.mp4,53:28
3332X801.mp4,53:34
3332X801.mp4,28:13
3332X900.mp4,04:25
3332X900.mp4,04:26
3332X900.mp4,04:37
3332X900.mp4,07:43
3332X900.mp4,14:21
3332X900.mp4,14:22
3332X900.mp4,16:17
3332X900.mp4,17:06
3332X900.mp4,17:08
3332X900.mp4,17:09
3332X900.mp4,17:17
3332X900.mp4,17:19
3332X900.mp4,17:45
3332X900.mp4,17:47
3332X900.mp4,18:21
3332X900.mp4,18:24
3332X900.mp4,18:26
3332X900.mp4,18:54
3332X900.mp4,19:44
3332X900.mp4,19:51
3332X900.mp4,19:54
3332X900.mp4,19:55
3332X900.mp4,19:56
3332X900.mp4,20:09
3332X900.mp4,20:12
3332X900.mp4,20:13
3332X900.mp4,20:23
3332X900.mp4,20:24
3332X900.mp4,20:33
3332X900.mp4,20:38
3332X900.mp4,20:39
3332X900.mp4,20:40
3332X900.mp4,20:44
3332X900.mp4,20:46
3332X900.mp4,21:02
3332X900.mp4,21:04
3332X900.mp4,21:08
3332X900.mp4,21:13
3332X900.mp4,21:14
3332X900.mp4,21:15
3332X900.mp4,21:16
3332X900.mp4,21:18
3332X900.mp4,21:20
3332X900.mp4,21:21
3332X900.mp4,21:22
3332X900.mp4,21:23
3332X900.mp4,21:24
3332X900.mp4,21:47
3332X900.mp4,21:50
3332X900.mp4,21:52
3332X900.mp4,21:54
3332X900.mp4,22:09
3332X900.mp4,22:13
3332X900.mp4,22:18
3332X900.mp4,22:32
3332X900.mp4,23:26
3332X900.mp4,23:28
3332X900.mp4,23:46
3332X900.mp4,24:00
3332X900.mp4,24:24
3332X900.mp4,24:37
3332X900.mp4,24:39
3332X900.mp4,24:46
3332X900.mp4,24:47
3332X900.mp4,24:50
3332X900.mp4,24:53
3332X900.mp4,24:54
3332X900.mp4,25:01
3332X900.mp4,25:04
3332X900.mp4,25:07
3332X900.mp4,25:09
3332X900.mp4,25:21
3332X900.mp4,25:22
3332X900.mp4,25:24
3332X900.mp4,25:25
3332X900.mp4,25:26
3332X900.mp4,25:30
3332X900.mp4,25:39
3332X900.mp4,25:41
3332X900.mp4,25:42
3332X900.mp4,25:43
3332X900.mp4,55:14
3332X900.mp4,55:23
3332X900.mp4,58:13
3332X901.mp4,36:32
3332X901.mp4,39:58
3332X901.mp4,47:19
3332X901.mp4,33:13
3332X901.mp4,33:32
3332X901.mp4,33:45
3332X901.mp4,35:11
3332X901.mp4,35:56
3332X901.mp4,36:39
3332X901.mp4,36:50
3332X901.mp4,37:07
3332X901.mp4,41:35
3332X901.mp4,50:52
3332X901.mp4,50:53
3332X901.mp4,50:54
3332X901.mp4,51:27
3332X901.mp4,58:14
3332X901.mp4,58:21
3332XA00.mp4,40:56
3332XA00.mp4,43:34
3332XA00.mp4,49:23
3332XA00.mp4,51:26
3332XA00.mp4,42:38
3332XA00.mp4,45:01
3332XA00.mp4,48:29
3332XA01.mp4,07:23
3332XA01.mp4,10:27
3332XA01.mp4,11:30
3332XA01.mp4,11:39
3332XA01.mp4,31:08
3332XA01.mp4,34:16
3332XA01.mp4,34:17
3332XA01.mp4,34:19
3332XA01.mp4,22:09
3332XB00.mp4,27:15
3332XB01.mp4,41:05
3332XB01.mp4,57:15
3332XB01.mp4,57:19
3332XC00.mp4,03:11
3332XC00.mp4,03:12
3332XC00.mp4,06:46
3332XC00.mp4,07:02
3332XC00.mp4,07:04
3332XC00.mp4,23:10
3332XC00.mp4,23:37
3332XC00.mp4,23:38
3332XC00.mp4,24:17
3332XC00.mp4,24:20
3332XC00.mp4,25:59
3332XC00.mp4,26:01
3332XC00.mp4,26:04
3332XC00.mp4,26:08
3332XC00.mp4,26:09
3332XC00.mp4,26:10
3332XC00.mp4,26:17
3332XC00.mp4,26:20
3332XC00.mp4,26:22
3332XC00.mp4,26:25
3332XC00.mp4,26:27
3332XC00.mp4,26:33
3332XC00.mp4,26:48
3332XC00.mp4,26:49
3332XC00.mp4,26:53
3332XC00.mp4,26:56
3332XC00.mp4,26:58
3332XC00.mp4,27:01
3332XC00.mp4,29:07
3332XC00.mp4,29:08
3332XC00.mp4,31:37
3332XC00.mp4,33:50
3332XC00.mp4,33:53
3332XC00.mp4,33:54
3332XC00.mp4,58:45
3332XC00.mp4,58:48
3332XC00.mp4,58:51
3332XC00.mp4,58:52
3332XC00.mp4,59:26
3332XC01.mp4,03:17
3332XC01.mp4,03:18
3332XC01.mp4,05:37
3332XC01.mp4,12:11
3332XC01.mp4,12:15
3332XC01.mp4,24:16
3332XC01.mp4,24:18
3332XC01.mp4,24:30
3332XC01.mp4,28:59
3332XC01.mp4,29:00
3332XC01.mp4,29:06
3332XC01.mp4,30:06
3332XC01.mp4,30:07
3332XC01.mp4,30:08
3332XC01.mp4,30:28
3332XC01.mp4,30:37
3332XC01.mp4,30:44
3332XC01.mp4,31:23
3332XC01.mp4,32:09
3332XC01.mp4,32:10
3332XC01.mp4,32:11
3332XC01.mp4,32:15
3332XC01.mp4,32:24
3332XC01.mp4,32:28
3332XC01.mp4,32:30
3332XC01.mp4,33:30
3332XC01.mp4,33:31
3332XC01.mp4,33:40
3332XC01.mp4,33:41
3332XC01.mp4,34:05
3332XC01.mp4,34:06
3332XC01.mp4,34:10
3332XC01.mp4,34:12
3332XC01.mp4,34:17
3332XC01.mp4,34:24
3332XC01.mp4,34:25
3332XC01.mp4,34:26
3332XC01.mp4,34:30
3332XC01.mp4,34:32
3332XC01.mp4,03:26
3332XC01.mp4,03:31
3332XC01.mp4,07:58
3332XC01.mp4,08:07
3332XC01.mp4,14:14
3332XC01.mp4,14:56
3332XC01.mp4,15:07
3332XC01.mp4,15:28
3332XC01.mp4,16:13
3332XC01.mp4,16:14
3332XC01.mp4,16:22
3332XD00.mp4,18:48
3332XD00.mp4,18:49
3332XD00.mp4,18:52
3332XD00.mp4,19:13
3332XD00.mp4,19:16
3332XD00.mp4,19:17
3332XD00.mp4,19:19
3332XD00.mp4,20:13
3332XD00.mp4,21:40
3332XD00.mp4,21:42
3332XD00.mp4,21:43
3332XD00.mp4,21:45
3332XD00.mp4,21:47
3332XD00.mp4,21:48
3332XD00.mp4,21:58
3332XD00.mp4,22:10
3332XD00.mp4,22:39
3332XD00.mp4,23:52
3332XD00.mp4,23:54
3332XD00.mp4,23:56
3332XE00.mp4,14:59
3332XE00.mp4,15:13
3332XE00.mp4,19:16
3332XE00.mp4,25:54
3332XE01.mp4,46:57
3332XE01.mp4,47:56
3332XE01.mp4,48:07
3332XE01.mp4,48:24
3332XE01.mp4,48:33
3332XE01.mp4,49:33
3332XE01.mp4,49:44
3332XE01.mp4,49:48
3332XE01.mp4,54:22
3332XE01.mp4,54:24
3332XE01.mp4,55:23
3332XE01.mp4,56:55
3332XE01.mp4,57:04
3332XE01.mp4,57:14
3332XE01.mp4,57:41
3332XE01.mp4,57:48
3332XE01.mp4,57:57
3332XE01.mp4,58:07
3332XE01.mp4,59:21
3332XE01.mp4,23:54
3332XF00.mp4,34:51
3332XF01.mp4,15:24
3332XF01.mp4,15:26
3332XF01.mp4,15:28
3332XG00.mp4,08:51
3332XG00.mp4,16:09
3332XG00.mp4,36:03
3332XG01.mp4,39:12
3332XH00.mp4,24:55
3332XH00.mp4,25:02
3332XH00.mp4,25:14
3332XH00.mp4,25:16
3332XH00.mp4,25:34
3332XH01.mp4,30:22
3332XH01.mp4,30:59
3332XH01.mp4,31:02
3332XI00.mp4,27:41
3332XI00.mp4,29:27
3332XI00.mp4,29:52
3332XJ00.mp4,00:15
3332XJ00.mp4,00:37
3332XJ01.mp4,22:21
3332XJ01.mp4,22:23
3332XJ01.mp4,22:29
3332XJ01.mp4,22:34
3332XJ01.mp4,22:44
3332XJ01.mp4,22:47
3332XK00.mp4,22:10
3332XK00.mp4,24:12
3332XK00.mp4,24:14
3332XK00.mp4,24:15
3332XK00.mp4,39:53
3332XK00.mp4,40:00
3332XK00.mp4,56:50
3332XK00.mp4,56:52
3332XK01.mp4,16:58
3332XK01.mp4,19:29
3332XK01.mp4,21:47
3332XK01.mp4,24:32
3332XK01.mp4,24:33
3332XK01.mp4,24:40
3332XK01.mp4,24:42
3332XK01.mp4,24:49
3332XK01.mp4,24:50
3332XK01.mp4,24:51
3332XK01.mp4,24:52
3332XK01.mp4,25:05
3332XK01.mp4,25:15
3332XK01.mp4,25:44
3332XK01.mp4,26:10
3332XK01.mp4,33:08
3332XK01.mp4,34:07
3332XK01.mp4,34:54
3332XK01.mp4,35:07
3332XK01.mp4,41:54
3332XK01.mp4,43:38
3332XK01.mp4,43:57
3332XK01.mp4,44:51
3332XK01.mp4,47:07
3332XK01.mp4,47:23
3332XK01.mp4,47:29
3332XK01.mp4,48:24
3332XK01.mp4,50:20
3332XK01.mp4,52:08
3332XK01.mp4,52:52
3332XK01.mp4,55:22
3332XK01.mp4,55:33
3332XK01.mp4,55:34
3332XK01.mp4,58:58
3332XL00.mp4,00:00
3332XL00.mp4,00:48
3332XL00.mp4,01:55
3332XL00.mp4,01:57
3332XL00.mp4,02:00
3332XL00.mp4,02:01
3332XL00.mp4,03:39
3332XL00.mp4,05:13
3332XL00.mp4,10:48
3332XL00.mp4,11:38
3332XL00.mp4,11:39
3332XL00.mp4,11:43
3332XL00.mp4,19:57
3332XL00.mp4,20:33
3332XL00.mp4,20:34
3332XL00.mp4,20:35
3332XL00.mp4,24:01
3332XL00.mp4,56:57
3332XL00.mp4,56:59
3332XL00.mp4,57:41
3332XL00.mp4,59:09
3332XL01.mp4,04:07
3332XL01.mp4,04:08
3332XL01.mp4,04:09
3332XL01.mp4,04:11
3332XL01.mp4,05:04
3332XL01.mp4,05:06
3332XL01.mp4,05:07
3332XL01.mp4,05:31
3332XL01.mp4,08:40
3332XL01.mp4,09:20
3332XL01.mp4,09:21
3332XL01.mp4,09:29
3332XL01.mp4,10:35
3332XL01.mp4,11:15
3332XL01.mp4,11:29
3332XL01.mp4,11:32
3332XL01.mp4,11:33
3332XL01.mp4,12:00
3332XL01.mp4,12:09
3332XL01.mp4,12:10
3332XL01.mp4,12:13
3332XL01.mp4,12:58
3332XL01.mp4,12:59
3332XL01.mp4,13:02
3332XL01.mp4,16:19
3332XL01.mp4,18:15
3332XL01.mp4,26:25
3332XL01.mp4,26:27
3332XL01.mp4,47:03
3332XL01.mp4,21:30
3332XL01.mp4,21:31
3332XL01.mp4,21:32
3332XL01.mp4,21:35
3332XL01.mp4,21:39
3332XL01.mp4,26:49
3332XM00.mp4,00:38
3332XM00.mp4,00:41
3332XM00.mp4,14:31
3332XM00.mp4,14:35
3332XM00.mp4,14:42
3332XM00.mp4,14:52
3332XM00.mp4,15:17
3332XM00.mp4,15:22
3332XM00.mp4,18:58
3332XM00.mp4,19:00
3332XM00.mp4,20:14
3332XM00.mp4,55:10
3332XM00.mp4,55:43
3332XM00.mp4,05:37
3332XM00.mp4,06:07
3332XM00.mp4,27:52
3332XM00.mp4,47:02
3332XM01.mp4,20:36
3332XM01.mp4,32:26
3332XM01.mp4,44:32
3332XM01.mp4,44:33
3332XM01.mp4,44:56
3332XM01.mp4,44:57
3332XM01.mp4,45:20
3332XM01.mp4,45:23
3332XM01.mp4,45:36
3332XM01.mp4,46:11
3332XM01.mp4,46:19
3332XM01.mp4,46:22
3332XM01.mp4,46:27
3332XM01.mp4,49:03
3332XM01.mp4,50:28
3332XM01.mp4,59:34
3332XN00.mp4,00:58
3332XN00.mp4,40:08
3332XN00.mp4,40:24
3332XN00.mp4,47:04
3332XN00.mp4,47:06
3332XN00.mp4,51:51
3332XN01.mp4,03:51
3332XN01.mp4,07:40
3332XN01.mp4,09:08
3332XN01.mp4,09:09
3332XN01.mp4,09:10
3332XN01.mp4,09:49
3332XN01.mp4,10:00
3332XN01.mp4,10:25
3332XN01.mp4,10:32
3332XN01.mp4,10:33
3332XN01.mp4,13:07
3332XN01.mp4,13:12
3332XN01.mp4,13:13
3332XN01.mp4,13:14
3332XN01.mp4,13:19
3332XN01.mp4,13:21
3332XN01.mp4,13:28
3332XN01.mp4,13:29
3332XN01.mp4,13:30
3332XN01.mp4,13:31
3332XN01.mp4,13:33
3332XN01.mp4,13:34
3332XN01.mp4,13:36
3332XN01.mp4,13:38
3332XN01.mp4,13:39
3332XN01.mp4,13:43
3332XN01.mp4,13:50
3332XN01.mp4,13:57
3332XN01.mp4,14:11
3332XN01.mp4,14:23
3332XN01.mp4,14:25
3332XN01.mp4,14:27
3332XN01.mp4,15:48
3332XN01.mp4,17:31
3332XN01.mp4,22:46
3332XN01.mp4,27:39
3332XN01.mp4,28:51
3332XN01.mp4,28:52
3332XN01.mp4,34:10
3332XN01.mp4,34:28
3332XN01.mp4,34:51
3332XN01.mp4,34:52
3332XN01.mp4,35:07
3332XN01.mp4,35:08
3332XN01.mp4,35:10
3332XN01.mp4,36:12
3332XN01.mp4,36:14
3332XN01.mp4,36:31
3332XN01.mp4,36:58
3332XN01.mp4,37:00
3332XN01.mp4,37:01
3332XN01.mp4,41:08
3332XN01.mp4,41:10
3332XN01.mp4,51:09
3332XN01.mp4,51:10
3332XN01.mp4,51:11
3332XN01.mp4,51:50
3332XN01.mp4,59:47
3332XN01.mp4,59:49
3332XO01.mp4,20:14
3332XP01.mp4,26:44
3332XP01.mp4,26:46
3332XP01.mp4,36:34
3332XQ00.mp4,10:49
3332XQ00.mp4,11:37
3332XQ00.mp4,11:38
3332XQ00.mp4,13:28
3332XQ00.mp4,13:40
3332XQ00.mp4,14:01
3332XQ00.mp4,14:15
3332XQ00.mp4,14:23
3332XQ00.mp4,15:00
3332XQ00.mp4,15:04
3332XQ00.mp4,15:25
3332XQ00.mp4,15:26
3332XQ00.mp4,16:24
3332XQ00.mp4,16:31
3332XQ00.mp4,33:54
3332XQ00.mp4,41:15
3332XQ00.mp4,41:27
3332XQ00.mp4,41:29
3332XQ00.mp4,41:47
3332XQ00.mp4,41:48
3332XQ00.mp4,42:06
3332XQ00.mp4,42:07
3332XQ00.mp4,42:12
3332XQ00.mp4,42:13
3332XQ00.mp4,42:16
3332XQ00.mp4,42:17
3332XQ00.mp4,42:18
3332XQ00.mp4,42:20
3332XQ00.mp4,42:21
3332XQ00.mp4,43:12
3332XQ00.mp4,43:13
3332XQ00.mp4,43:14
3332XQ00.mp4,43:15
3332XQ00.mp4,46:09
3332XQ00.mp4,47:00
3332XQ00.mp4,47:02
3332XQ00.mp4,47:10
3332XQ00.mp4,47:14
3332XQ00.mp4,47:18
3332XQ00.mp4,48:33
3332XQ00.mp4,48:36
3332XQ00.mp4,48:41
3332XQ00.mp4,49:12
3332XQ00.mp4,52:41
3332XQ00.mp4,52:49
3332XQ00.mp4,53:00
3332XQ00.mp4,53:01
3332XQ00.mp4,53:09
3332XQ00.mp4,53:13
3332XQ00.mp4,53:14
3332XQ00.mp4,53:19
3332XQ00.mp4,53:20
3332XQ00.mp4,53:23
3332XQ00.mp4,53:24
3332XQ00.mp4,53:43
3332XQ00.mp4,53:48
3332XQ00.mp4,53:50
3332XQ00.mp4,53:52
3332XQ00.mp4,53:55
3332XQ00.mp4,53:57
3332XQ00.mp4,53:58
3332XQ00.mp4,53:59
3332XQ00.mp4,54:02
3332XQ00.mp4,54:03
3332XQ00.mp4,54:06
3332XQ00.mp4,54:07
3332XQ00.mp4,54:10
3332XQ00.mp4,54:12
3332XQ00.mp4,54:15
3332XQ00.mp4,54:16
3332XQ00.mp4,54:17
3332XQ00.mp4,54:20
3332XQ00.mp4,54:22
3332XQ00.mp4,54:24
3332XQ00.mp4,54:28
3332XQ00.mp4,54:29
3332XQ00.mp4,54:30
3332XQ00.mp4,54:33
3332XQ00.mp4,54:34
3332XQ00.mp4,54:35
3332XQ00.mp4,54:36
3332XQ00.mp4,54:37
3332XQ00.mp4,54:38
3332XQ00.mp4,54:39
3332XQ00.mp4,54:42
3332XQ00.mp4,54:43
3332XQ00.mp4,54:51
3332XQ00.mp4,54:53
3332XQ00.mp4,54:59
3332XQ00.mp4,55:02
3332XQ00.mp4,55:03
3332XQ00.mp4,55:07
3332XQ00.mp4,55:08
3332XQ00.mp4,55:09
3332XQ00.mp4,55:10
3332XQ00.mp4,55:11
3332XQ00.mp4,55:13
3332XQ00.mp4,57:13
3332XQ00.mp4,57:27
3332XQ00.mp4,57:31
3332XQ00.mp4,57:33
3332XQ00.mp4,57:43
3332XQ00.mp4,57:44
3332XQ00.mp4,57:48
3332XQ00.mp4,57:49
3332XQ00.mp4,57:50
3332XQ01.mp4,00:00
3332XQ01.mp4,00:02
3332XQ01.mp4,00:06
3332XQ01.mp4,00:10
3332XQ01.mp4,02:04
3332XQ01.mp4,02:06
3332XQ01.mp4,02:07
3332XQ01.mp4,02:10
3332XQ01.mp4,02:11
3332XQ01.mp4,02:26
3332XQ01.mp4,02:29
3332XQ01.mp4,02:33
3332XQ01.mp4,02:36
3332XQ01.mp4,02:37
3332XQ01.mp4,02:41
3332XQ01.mp4,02:47
3332XQ01.mp4,02:48
3332XQ01.mp4,02:57
3332XQ01.mp4,03:01
3332XQ01.mp4,03:11
3332XQ01.mp4,03:12
3332XQ01.mp4,03:14
3332XQ01.mp4,03:40
3332XQ01.mp4,03:46
3332XQ01.mp4,03:51
3332XQ01.mp4,03:54
3332XQ01.mp4,03:57
3332XQ01.mp4,04:03
3332XQ01.mp4,04:06
3332XQ01.mp4,04:07
3332XQ01.mp4,04:16
3332XQ01.mp4,04:22
3332XQ01.mp4,04:25
3332XQ01.mp4,04:26
3332XQ01.mp4,04:31
3332XQ01.mp4,04:33
3332XQ01.mp4,04:35
3332XQ01.mp4,04:36
3332XQ01.mp4,04:40
3332XQ01.mp4,04:42
3332XQ01.mp4,04:48
3332XQ01.mp4,04:49
3332XQ01.mp4,04:55
3332XQ01.mp4,04:56
3332XQ01.mp4,04:58
3332XQ01.mp4,05:05
3332XQ01.mp4,05:06
3332XQ01.mp4,05:08
3332XQ01.mp4,05:10
3332XQ01.mp4,05:15
3332XQ01.mp4,05:16
3332XQ01.mp4,05:24
3332XQ01.mp4,05:29
3332XQ01.mp4,05:36
3332XQ01.mp4,05:37
3332XQ01.mp4,05:42
3332XQ01.mp4,05:45
3332XQ01.mp4,05:47
3332XQ01.mp4,05:49
3332XQ01.mp4,05:56
3332XQ01.mp4,06:05
3332XQ01.mp4,06:16
3332XQ01.mp4,06:18
3332XQ01.mp4,06:29
3332XQ01.mp4,06:30
3332XQ01.mp4,06:56
3332XQ01.mp4,07:08
3332XQ01.mp4,07:29
3332XQ01.mp4,07:37
3332XQ01.mp4,08:56
3332XQ01.mp4,09:06
3332XQ01.mp4,09:46
3332XQ01.mp4,10:13
3332XQ01.mp4,10:48
3332XQ01.mp4,10:57
3332XQ01.mp4,11:25
3332XQ01.mp4,11:29
3332XQ01.mp4,11:35
3332XQ01.mp4,20:23
3332XQ01.mp4,24:32
3332XQ01.mp4,24:33
3332XQ01.mp4,33:03
3332XQ01.mp4,33:12
3332XQ01.mp4,33:13
3332XQ01.mp4,33:14
3332XQ01.mp4,33:22
3332XQ01.mp4,33:24
3332XQ01.mp4,33:36
3332XQ01.mp4,34:06
3332XQ01.mp4,34:13
3332XQ01.mp4,34:17
3332XQ01.mp4,34:19
3332XQ01.mp4,34:21
3332XQ01.mp4,34:23
3332XQ01.mp4,34:25
3332XQ01.mp4,34:28
3332XQ01.mp4,34:33
3332XQ01.mp4,34:34
3332XR00.mp4,36:59
3332XR00.mp4,49:42
3332XR00.mp4,57:17
3332XR01.mp4,01:34
3332XT00.mp4,10:34
3332XT01.mp4,40:06
3332XU00.mp4,04:06
3332XU00.mp4,04:14
3332XU00.mp4,04:25
3332XU00.mp4,04:27
3332XU00.mp4,04:36
3332XU00.mp4,04:56
3332XU00.mp4,05:12
3332XU00.mp4,05:39
3332XU00.mp4,06:18
3332XU00.mp4,58:35
3332XU00.mp4,58:37
3332XU00.mp4,58:40
3332XU00.mp4,58:43
3332XU00.mp4,58:44
3332XU00.mp4,58:46
3332XU00.mp4,58:47
3332XU00.mp4,58:49
3332XU00.mp4,58:51
3332XU00.mp4,58:52
3332XU00.mp4,58:53
3332XU00.mp4,58:54
3332XU00.mp4,58:55
3332XU00.mp4,58:56
3332XU00.mp4,58:59
3332XU00.mp4,59:01
3332XU00.mp4,59:05
3332XU01.mp4,07:33
3332XU01.mp4,16:21
3332XU01.mp4,52:28
3332XV00.mp4,56:40
3332XV00.mp4,58:33
3332XV00.mp4,58:47
3332XV00.mp4,11:45
3332XV00.mp4,11:47
3332XV01.mp4,00:02
3332XV01.mp4,00:38
3332XV01.mp4,00:39
3332XV01.mp4,01:24
3332XV01.mp4,01:36
3332XV01.mp4,01:43
3332XV01.mp4,06:39
3332XV01.mp4,06:41
3332XV01.mp4,06:55
3332XV01.mp4,11:26
3332XV01.mp4,11:58
3332XV01.mp4,13:31
3332XV01.mp4,13:32
3332XV01.mp4,13:33
3332XV01.mp4,20:27
3332XV01.mp4,20:30
3332XV01.mp4,20:31
3332XV01.mp4,20:34
3332XV01.mp4,20:36
3332XV01.mp4,26:24
3332XV01.mp4,26:36
3332XV01.mp4,26:40
3332XV01.mp4,26:41
3332XV01.mp4,26:42
3332XV01.mp4,50:26
3332XV01.mp4,02:40
3332XV01.mp4,02:43
3332XV01.mp4,02:51
3332XV01.mp4,13:20
3332XV01.mp4,17:47
3332XV01.mp4,28:46
3332XV01.mp4,28:48
3332XV01.mp4,28:51
3332XV01.mp4,28:52
3332XV01.mp4,42:15
3332XV01.mp4,42:16
3332XV01.mp4,42:23
3332XV01.mp4,42:36
3332XW00.mp4,32:37
3332XW00.mp4,38:24
3332XW00.mp4,38:59
3332XW00.mp4,39:31
3332XW00.mp4,39:46
3332XW00.mp4,40:38
3332XW00.mp4,55:46
3332XW00.mp4,56:20
3332XW00.mp4,56:36
3332XW00.mp4,27:03
3332XW00.mp4,27:04
3332XW00.mp4,27:45
3332XW00.mp4,28:04
3332XW00.mp4,28:25
3332XW00.mp4,38:57
3332XW01.mp4,01:01
3332XW01.mp4,03:44
3332XW01.mp4,05:22
3332XW01.mp4,12:12
3332XW01.mp4,14:45
3332XW01.mp4,14:46
3332XW01.mp4,14:48
3332XW01.mp4,19:05
3332XW01.mp4,23:51
3332XW01.mp4,28:39
3332XW01.mp4,45:33
3332XX00.mp4,11:34
3332XX00.mp4,11:44
3332XX00.mp4,11:49
3332XX00.mp4,12:27
3332XX00.mp4,14:27
3332XX00.mp4,15:51
3332XX00.mp4,16:06
3332XX00.mp4,16:14
3332XX00.mp4,16:40
3332XX00.mp4,16:48
3332XX00.mp4,16:49
3332XX00.mp4,18:34
3332XX00.mp4,18:36
3332XX00.mp4,22:38
3332XX00.mp4,22:41
3332XX00.mp4,22:42
3332XX00.mp4,22:44
3332XX00.mp4,22:48
3332XX00.mp4,28:00
3332XX00.mp4,53:27
3332XX00.mp4,53:28
3332XX00.mp4,53:44
3332XX00.mp4,54:54
3332XX00.mp4,55:19
3332XX00.mp4,55:20
3332XX00.mp4,55:31
3332XX00.mp4,55:33
3332XX00.mp4,55:35
3332XX00.mp4,55:36
3332XX00.mp4,42:03
3332XX00.mp4,42:04
3332XX00.mp4,42:05
3332XX00.mp4,42:14
3332XX00.mp4,42:15
3332XX00.mp4,42:23
3332XX00.mp4,42:28
3332XX00.mp4,42:31
3332XX00.mp4,42:33
3332XX00.mp4,42:38
3332XX00.mp4,42:42
3332XX00.mp4,42:50
3332XX00.mp4,42:52
3332XX00.mp4,42:57
3332XX01.mp4,20:30
3332XX01.mp4,21:02
3332XX01.mp4,21:12
3332XX01.mp4,21:32
3332XX01.mp4,21:37
3332XX01.mp4,23:54
3332XX01.mp4,37:50
3332XX01.mp4,38:55
3332XX01.mp4,43:32
3332XX01.mp4,46:28
3332XX01.mp4,46:29
3332XX01.mp4,47:59
3332XX01.mp4,48:00
3332XX01.mp4,49:34
3332XX01.mp4,49:40
3332XX01.mp4,49:42
3332XX01.mp4,52:14
3332XX01.mp4,52:24
3332XX01.mp4,53:07
3332XX01.mp4,53:15
3332XX01.mp4,53:30
3332XX01.mp4,53:34
3332XX01.mp4,53:36
3332XX01.mp4,53:49
3332XX01.mp4,53:51
3332XX01.mp4,53:52
3332XX01.mp4,54:32
3332XX01.mp4,56:23
3332XX01.mp4,22:48
3332XX01.mp4,22:52
3332XX01.mp4,25:26
3332XX01.mp4,25:54
3332XX01.mp4,26:18
3332XX01.mp4,27:46
3332XX01.mp4,28:43
3332XX01.mp4,32:32
3332XX01.mp4,34:28
3332XX01.mp4,49:09
3332XY00.mp4,05:58
3332XY00.mp4,06:19
3332XY00.mp4,06:32
3332XY00.mp4,06:34
3332XY00.mp4,08:40
3332XY00.mp4,08:41
3332XY00.mp4,10:09
3332XY00.mp4,10:14
3332XY00.mp4,17:49
3332XY00.mp4,23:19
3332XY00.mp4,23:20
3332XY00.mp4,23:54
3332XY00.mp4,23:55
3332XY00.mp4,24:35
3332XY00.mp4,28:23
3332XY00.mp4,29:40
3332XY00.mp4,29:41
3332XY00.mp4,30:26
3332XY00.mp4,31:30
3332XY00.mp4,31:31
3332XY00.mp4,31:34
3332XY00.mp4,31:41
3332XY00.mp4,38:42
3332XY00.mp4,38:53
3332XY00.mp4,40:27
3332XY00.mp4,40:28
3332XY00.mp4,44:30
3332XY00.mp4,45:53
3332XY00.mp4,46:02
3332XY00.mp4,46:08
3332XY00.mp4,50:59
3332XY00.mp4,53:21
3332XY00.mp4,53:24
3332XY00.mp4,54:07
3332XY00.mp4,54:08
3332XY00.mp4,55:00
3332XY00.mp4,56:07
3332XY00.mp4,56:08
3332XY00.mp4,56:21
3332XY00.mp4,56:40
3332XY00.mp4,56:54
3332XY00.mp4,58:05
3332XY00.mp4,59:37
3332XY00.mp4,59:53
3332XY00.mp4,56:32
3332XY01.mp4,03:57
3332XY01.mp4,05:41
3332XY01.mp4,08:27
3332XY01.mp4,09:44
3332XY01.mp4,09:45
3332XY01.mp4,09:48
3332XY01.mp4,09:54
3332XY01.mp4,09:56
3332XY01.mp4,10:21
3332XY01.mp4,11:03
3332XY01.mp4,11:12
3332XY01.mp4,11:13
3332XY01.mp4,11:16
3332XY01.mp4,11:18
3332XY01.mp4,13:02
3332XY01.mp4,13:36
3332XY01.mp4,14:28
3332XY01.mp4,17:04
3332XY01.mp4,19:00
3332XY01.mp4,19:03
3332XY01.mp4,19:23
3332XY01.mp4,19:24
3332XY01.mp4,19:29
3332XY01.mp4,22:01
3332XY01.mp4,22:22
3332XY01.mp4,26:12
3332XY01.mp4,26:19
3332XY01.mp4,26:20
3332XY01.mp4,27:01
3332XY01.mp4,27:04
3332XY01.mp4,27:15
3332XY01.mp4,27:22
3332XY01.mp4,27:23
3332XY01.mp4,27:30
3332XY01.mp4,27:32
3332XY01.mp4,27:39
3332XY01.mp4,27:41
3332XY01.mp4,27:44
3332XY01.mp4,28:54
3332XY01.mp4,29:07
3332XY01.mp4,29:10
3332XY01.mp4,30:09
3332XY01.mp4,30:52
3332XY01.mp4,32:24
3332XY01.mp4,32:50
3332XY01.mp4,32:52
3332XY01.mp4,32:54
3332XY01.mp4,34:06
3332XY01.mp4,34:09
3332XY01.mp4,36:19
3332XY01.mp4,36:30
3332XY01.mp4,36:31
3332XY01.mp4,36:45
3332XY01.mp4,36:47
3332XY01.mp4,36:50
3332XY01.mp4,38:05
3332XY01.mp4,38:09
3332XY01.mp4,39:35
3332XY01.mp4,41:56
3332XY01.mp4,41:58
3332XY01.mp4,44:06
3332XY01.mp4,45:15
3332XY01.mp4,46:25
3332XY01.mp4,46:26
3332XY01.mp4,46:28
3332XY01.mp4,46:37
3332XY01.mp4,46:38
3332XY01.mp4,46:45
3332XY01.mp4,46:46
3332XY01.mp4,47:25
3332XY01.mp4,47:28
3332XY01.mp4,47:29
3332XY01.mp4,47:32
3332XY01.mp4,48:06
3332XY01.mp4,48:14
3332XY01.mp4,48:15
3332XY01.mp4,48:16
3332XY01.mp4,48:17
3332XY01.mp4,48:25
3332XY01.mp4,48:27
3332XY01.mp4,48:47
3332XY01.mp4,48:48
3332XY01.mp4,48:59
3332XY01.mp4,49:00
3332XY01.mp4,49:03
3332XY01.mp4,49:04
3332XY01.mp4,49:06
3332XY01.mp4,50:30
3332XY01.mp4,51:28
3332XY01.mp4,51:29
3332XY01.mp4,51:30
3332XY01.mp4,51:31
3332XY01.mp4,51:32
3332XY01.mp4,57:15
3332XY01.mp4,57:16
3332XY01.mp4,57:17
3332XY01.mp4,57:25
3332XZ00.mp4,00:07
3332XZ00.mp4,02:13
3332XZ00.mp4,02:14
3332XZ00.mp4,02:15
3332XZ00.mp4,11:20
3332XZ00.mp4,12:53
3332XZ00.mp4,12:54
3332XZ00.mp4,12:55
3332XZ00.mp4,12:56
3332XZ00.mp4,13:49
3332XZ00.mp4,14:45
3332XZ00.mp4,14:52
3332XZ00.mp4,14:54
3332XZ00.mp4,14:55
3332XZ00.mp4,15:13
3332XZ00.mp4,15:46
3332XZ00.mp4,15:57
3332XZ00.mp4,16:10
3332XZ00.mp4,16:11
3332XZ00.mp4,16:14
3332XZ00.mp4,16:15
3332XZ00.mp4,31:25
3332XZ00.mp4,33:08
3332XZ00.mp4,35:13
3332XZ00.mp4,35:14
3332XZ00.mp4,41:13
3332XZ00.mp4,41:30
3332XZ00.mp4,41:32
3332XZ00.mp4,54:06
3332XZ00.mp4,54:07
3332XZ00.mp4,54:08
3332XZ00.mp4,15:40
3332XZ01.mp4,06:06
3332XZ01.mp4,06:07
3332XZ01.mp4,06:08
3332XZ01.mp4,06:37
3332XZ01.mp4,06:39
3332XZ01.mp4,06:55
3332XZ01.mp4,06:58
3332XZ01.mp4,07:01
3332XZ01.mp4,07:38
3332XZ01.mp4,07:39
3332XZ01.mp4,07:41
3332XZ01.mp4,07:58
3332XZ01.mp4,08:03
3332XZ01.mp4,08:50
3332XZ01.mp4,09:35
3332XZ01.mp4,10:04
3332XZ01.mp4,10:06
3332XZ01.mp4,10:10
3332XZ01.mp4,10:15
3332XZ01.mp4,10:17
3332XZ01.mp4,11:09
3332XZ01.mp4,11:17
3332XZ01.mp4,11:19
3332XZ01.mp4,11:20
3332XZ01.mp4,11:39
3332XZ01.mp4,11:43
3332XZ01.mp4,11:44
3332XZ01.mp4,11:46
3332XZ01.mp4,11:47
3332XZ01.mp4,11:48
3332XZ01.mp4,11:50
3332XZ01.mp4,11:53
3332XZ01.mp4,11:54
3332XZ01.mp4,13:28
3332XZ01.mp4,14:06
3332XZ01.mp4,14:10
3332XZ01.mp4,14:17
3332XZ01.mp4,19:17
3332XZ01.mp4,19:20
3332XZ01.mp4,20:02
3332XZ01.mp4,20:18
3332XZ01.mp4,20:20
3332XZ01.mp4,20:21
3332XZ01.mp4,20:34
3332XZ01.mp4,20:49
3332XZ01.mp4,20:50
3332XZ01.mp4,20:55
3332XZ01.mp4,21:03
3332XZ01.mp4,21:08
3332XZ01.mp4,21:12
3332XZ01.mp4,21:23
3332XZ01.mp4,21:31
3332XZ01.mp4,21:33
3332XZ01.mp4,21:47
3332XZ01.mp4,26:32
3332XZ01.mp4,28:08
3332XZ01.mp4,28:22
3332XZ01.mp4,28:23
3332XZ01.mp4,28:28
3332XZ01.mp4,28:33
3332XZ01.mp4,28:42
3332XZ01.mp4,28:44
3332XZ01.mp4,28:46
3332XZ01.mp4,28:48
3332XZ01.mp4,28:50
3332XZ01.mp4,28:53
3332XZ01.mp4,28:59
3332XZ01.mp4,29:59
3332XZ01.mp4,30:23
3332XZ01.mp4,30:24
3332XZ01.mp4,30:25
3332XZ01.mp4,30:26
3332XZ01.mp4,30:28
3332XZ01.mp4,30:30
3332XZ01.mp4,30:36
3332XZ01.mp4,34:51
3332XZ01.mp4,36:18
3332XZ01.mp4,40:53
3332XZ01.mp4,40:56
3332XZ01.mp4,44:42
3332XZ01.mp4,48:13
3332XZ01.mp4,48:15
3332XZ01.mp4,48:16
3332XZ01.mp4,48:17
3332XZ01.mp4,48:18
3332XZ01.mp4,48:25
3332XZ01.mp4,48:26
3332XZ01.mp4,48:28
3332XZ01.mp4,48:31
3332XZ01.mp4,49:39
3332XZ01.mp4,50:31
3332XZ01.mp4,50:32
3332XZ01.mp4,50:46
3332XZ01.mp4,50:47
3332XZ01.mp4,56:23
3332XZ01.mp4,56:25
3332XZ01.mp4,35:48
3332Y000.mp4,05:07
3332Y000.mp4,05:11
3332Y000.mp4,05:26
3332Y000.mp4,06:30
3332Y000.mp4,11:27
3332Y000.mp4,12:48
3332Y000.mp4,21:09
3332Y100.mp4,23:52
3332Y100.mp4,23:53
3332Y100.mp4,23:54
3332Y100.mp4,23:55
3332Y100.mp4,28:02
3332Y100.mp4,28:03
3332Y100.mp4,28:04
3332Y100.mp4,29:01
3332Y100.mp4,33:07
3332Y101.mp4,00:56
3332Y101.mp4,00:57
3332Y101.mp4,01:05
3332Y101.mp4,01:06
3332Y101.mp4,05:47
3332Y101.mp4,05:50
3332Y101.mp4,12:41
3332Y101.mp4,12:49
3332Y101.mp4,13:04
3332Y101.mp4,13:05
3332Y101.mp4,13:08
3332Y101.mp4,13:13
3332Y101.mp4,13:19
3332Y101.mp4,13:21
3332Y101.mp4,17:04
3332Y101.mp4,17:35
3332Y101.mp4,17:39
3332Y101.mp4,19:42
3332Y101.mp4,41:56
3332Y101.mp4,41:57
3332Y101.mp4,44:39
3332Y101.mp4,45:43
3332Y101.mp4,46:52
3332Y101.mp4,49:02
3332Y101.mp4,49:04
3332Y101.mp4,49:08
3332Y101.mp4,49:24
3332Y101.mp4,49:54
3332Y101.mp4,50:43
3332Y101.mp4,50:46
3332Y101.mp4,50:49
3332Y101.mp4,50:51
3332Y101.mp4,52:51
3332Y101.mp4,52:53
3332Y101.mp4,52:54
3332Y101.mp4,52:55
3332Y101.mp4,53:38
3332Y101.mp4,53:42
3332Y101.mp4,53:44
3332Y101.mp4,54:08
3332Y101.mp4,54:13
3332Y101.mp4,57:38
3332Y101.mp4,57:39
3332Y101.mp4,57:50
3332Y200.mp4,01:06
3332Y200.mp4,02:03
3332Y200.mp4,03:46
3332Y200.mp4,03:47
3332Y200.mp4,03:49
3332Y200.mp4,04:11
3332Y200.mp4,06:59
3332Y200.mp4,14:12
3332Y200.mp4,14:13
3332Y200.mp4,21:47
3332Y200.mp4,48:33
3332Y200.mp4,49:34
3332Y201.mp4,00:35
3332Y201.mp4,00:44
3332Y201.mp4,00:48
3332Y201.mp4,12:00
3332Y201.mp4,12:45
3332Y201.mp4,12:49
3332Y201.mp4,12:50
3332Y201.mp4,52:18
3332Y201.mp4,52:19
3332Y201.mp4,52:20
3332Y300.mp4,03:35
3332Y300.mp4,03:36
3332Y300.mp4,58:04
3332Y400.mp4,14:43
3332Y400.mp4,15:00
3332Y400.mp4,15:02
3332Y400.mp4,15:26
3332Y400.mp4,15:32
3332Y400.mp4,17:16
3332Y400.mp4,17:39
3332Y400.mp4,18:10
3332Y400.mp4,18:33
3332Y400.mp4,18:36
3332Y400.mp4,18:41
3332Y400.mp4,19:43
3332Y400.mp4,20:08
3332Y400.mp4,20:38
3332Y701.mp4,23:16
3332Y701.mp4,23:18
3332Y800.mp4,44:06
3332Y801.mp4,11:15
3332Y801.mp4,24:53
3332Y900.mp4,54:56
3332YC00.mp4,54:56
3332YC01.mp4,11:30
3332YC01.mp4,17:19
3332YC01.mp4,18:02
3332YC01.mp4,18:14
3332YC01.mp4,18:19
3332YC01.mp4,18:24
3332YC01.mp4,18:37
3332YC01.mp4,22:48
3332YC01.mp4,42:57
3332YC01.mp4,43:11
3332YC01.mp4,45:02
3332YC01.mp4,45:49
3332YC01.mp4,53:53
3332YD00.mp4,31:19
3332YD00.mp4,31:22
3332YD00.mp4,32:16
3332YD00.mp4,32:20
3332YD00.mp4,32:28
3332YD00.mp4,32:32
3332YD00.mp4,32:33
3332YD00.mp4,32:34
3332YD00.mp4,32:35
3332YD00.mp4,32:37
3332YD00.mp4,32:39
3332YD00.mp4,32:44
3332YD00.mp4,32:46
3332YD00.mp4,32:47
3332YD00.mp4,32:56
3332YD00.mp4,32:57
3332YD00.mp4,32:58
3332YD00.mp4,33:01
3332YD00.mp4,33:03
3332YD00.mp4,33:07
3332YD00.mp4,33:09
3332YD00.mp4,33:18
3332YD00.mp4,33:19
3332YD00.mp4,33:20
3332YD00.mp4,33:21
3332YD00.mp4,33:25
3332YD00.mp4,33:26
3332YD00.mp4,33:27
3332YD00.mp4,33:31
3332YD00.mp4,33:32
3332YD00.mp4,33:35
3332YD00.mp4,33:36
3332YD00.mp4,33:40
3332YD00.mp4,33:41
3332YD00.mp4,33:43
3332YD00.mp4,33:44
3332YD00.mp4,33:46
3332YD00.mp4,33:47
3332YD00.mp4,33:49
3332YD00.mp4,33:52
3332YD00.mp4,33:53
3332YD00.mp4,33:54
3332YD00.mp4,33:57
3332YD00.mp4,34:00
3332YD00.mp4,34:01
3332YD00.mp4,34:02
3332YD00.mp4,34:03
3332YD00.mp4,34:04
3332YD00.mp4,34:05
3332YD00.mp4,34:08
3332YD00.mp4,34:10
3332YD00.mp4,34:13
3332YD00.mp4,34:15
3332YD00.mp4,34:16
3332YD00.mp4,34:18
3332YD00.mp4,34:20
3332YD00.mp4,34:22
3332YD00.mp4,34:23
3332YD00.mp4,34:24
3332YD00.mp4,34:26
3332YD00.mp4,34:27
3332YD00.mp4,34:28
3332YD00.mp4,34:30
3332YD00.mp4,34:31
3332YD00.mp4,34:34
3332YD00.mp4,34:35
3332YD00.mp4,34:37
3332YD00.mp4,34:38
3332YD00.mp4,34:39
3332YD00.mp4,34:41
3332YD00.mp4,34:46
3332YD00.mp4,34:49
3332YD00.mp4,34:52
3332YD00.mp4,34:53
3332YD00.mp4,34:54
3332YD00.mp4,34:56
3332YD00.mp4,35:00
3332YD00.mp4,35:05
3332YD00.mp4,35:07
3332YD00.mp4,35:09
3332YD00.mp4,35:11
3332YD00.mp4,35:12
3332YD00.mp4,35:13
3332YD00.mp4,35:16
3332YD00.mp4,35:19
3332YD00.mp4,35:20
3332YD00.mp4,35:21
3332YD00.mp4,35:22
3332YD00.mp4,35:28
3332YD00.mp4,35:30
3332YD00.mp4,35:31
3332YD00.mp4,35:32
3332YD00.mp4,35:33
3332YD00.mp4,35:35
3332YD00.mp4,35:36
3332YD00.mp4,35:40
3332YD00.mp4,35:41
3332YD00.mp4,35:43
3332YD00.mp4,35:44
3332YD00.mp4,35:48
3332YD00.mp4,35:49
3332YD00.mp4,35:50
3332YD00.mp4,35:52
3332YD00.mp4,35:53
3332YD00.mp4,35:59
3332YD00.mp4,36:01
3332YD00.mp4,36:02
3332YD00.mp4,36:05
3332YD00.mp4,36:08
3332YD00.mp4,36:11
3332YD00.mp4,36:13
3332YD00.mp4,36:15
3332YD00.mp4,36:19
3332YD00.mp4,36:21
3332YD00.mp4,36:24
3332YD00.mp4,36:25
3332YD00.mp4,36:27
3332YD00.mp4,36:30
3332YD00.mp4,36:31
3332YD00.mp4,36:32
3332YD00.mp4,36:33
3332YD00.mp4,36:35
3332YD00.mp4,36:39
3332YD00.mp4,36:40
3332YD00.mp4,36:42
3332YD00.mp4,36:43
3332YD00.mp4,36:47
3332YD00.mp4,36:49
3332YD00.mp4,36:52
3332YD00.mp4,36:54
3332YD00.mp4,36:56
3332YD00.mp4,36:58
3332YD00.mp4,37:00
3332YD00.mp4,37:04
3332YD00.mp4,37:05
3332YD00.mp4,37:11
3332YD00.mp4,37:17
3332YD00.mp4,37:18
3332YD00.mp4,37:21
3332YD00.mp4,37:24
3332YD00.mp4,37:26
3332YD00.mp4,37:27
3332YD00.mp4,37:28
3332YD00.mp4,37:29
3332YD00.mp4,37:31
3332YD00.mp4,37:32
3332YD00.mp4,37:34
3332YD00.mp4,37:37
3332YD00.mp4,37:39
3332YD00.mp4,37:42
3332YD00.mp4,37:45
3332YD00.mp4,37:47
3332YD00.mp4,37:48
3332YD00.mp4,37:49
3332YD00.mp4,37:50
3332YD00.mp4,37:53
3332YD00.mp4,37:55
3332YD00.mp4,37:58
3332YD00.mp4,38:01
3332YD00.mp4,38:04
3332YD00.mp4,38:05
3332YD00.mp4,38:07
3332YD00.mp4,38:09
3332YD00.mp4,38:10
3332YD00.mp4,38:29
3332YD00.mp4,38:32
3332YD00.mp4,38:34
3332YD00.mp4,38:35
3332YD00.mp4,38:38
3332YD00.mp4,38:39
3332YD00.mp4,38:41
3332YD00.mp4,38:43
3332YD00.mp4,38:45
3332YD00.mp4,38:46
3332YD00.mp4,38:48
3332YD00.mp4,38:52
3332YD00.mp4,38:53
3332YD00.mp4,38:58
3332YD00.mp4,39:01
3332YD00.mp4,39:02
3332YD00.mp4,39:03
3332YD00.mp4,39:04
3332YD00.mp4,39:06
3332YD00.mp4,39:07
3332YD00.mp4,39:10
3332YD00.mp4,39:12
3332YD00.mp4,39:15
3332YD00.mp4,39:16
3332YD00.mp4,39:17
3332YD00.mp4,39:18
3332YD00.mp4,39:19
3332YD00.mp4,39:20
3332YD00.mp4,39:23
3332YD00.mp4,39:24
3332YD00.mp4,39:26
3332YD00.mp4,39:27
3332YD00.mp4,39:29
3332YD00.mp4,39:30
3332YD00.mp4,39:31
3332YD00.mp4,39:32
3332YD00.mp4,39:34
3332YD00.mp4,39:35
3332YD00.mp4,39:37
3332YD00.mp4,39:38
3332YD00.mp4,39:39
3332YD00.mp4,39:40
3332YD00.mp4,39:41
3332YD00.mp4,39:42
3332YD00.mp4,39:44
3332YD00.mp4,39:46
3332YD00.mp4,39:47
3332YD00.mp4,39:52
3332YD00.mp4,39:58
3332YD00.mp4,39:59
3332YD00.mp4,40:01
3332YD00.mp4,40:02
3332YD00.mp4,40:05
3332YD00.mp4,40:16
3332YD00.mp4,40:21
3332YD00.mp4,40:31
3332YD00.mp4,40:32
3332YD00.mp4,40:33
3332YD00.mp4,40:35
3332YD00.mp4,40:37
3332YD00.mp4,40:38
3332YD00.mp4,40:42
3332YD00.mp4,40:43
3332YD00.mp4,40:50
3332YD00.mp4,40:55
3332YD00.mp4,40:57
3332YD00.mp4,41:00
3332YD00.mp4,41:02
3332YD00.mp4,41:03
3332YD00.mp4,41:06
3332YD00.mp4,41:08
3332YD00.mp4,41:12
3332YD00.mp4,41:14
3332YD00.mp4,41:15
3332YD00.mp4,41:18
3332YD00.mp4,41:19
3332YD00.mp4,41:20
3332YD00.mp4,41:24
3332YD00.mp4,41:27
3332YD00.mp4,41:29
3332YD00.mp4,41:30
3332YD00.mp4,41:32
3332YD00.mp4,41:33
3332YD00.mp4,41:35
3332YD00.mp4,41:36
3332YD00.mp4,41:37
3332YD00.mp4,41:39
3332YD00.mp4,41:41
3332YD00.mp4,41:42
3332YD00.mp4,41:43
3332YD00.mp4,41:47
3332YD00.mp4,41:49
3332YD00.mp4,41:51
3332YD00.mp4,41:53
3332YD00.mp4,41:54
3332YD00.mp4,41:58
3332YD00.mp4,42:01
3332YD00.mp4,42:03
3332YD00.mp4,42:04
3332YD00.mp4,42:07
3332YD00.mp4,42:08
3332YD00.mp4,42:09
3332YD00.mp4,42:10
3332YD00.mp4,42:12
3332YD00.mp4,42:13
3332YD00.mp4,42:14
3332YD00.mp4,42:15
3332YD00.mp4,42:21
3332YD00.mp4,42:23
3332YD00.mp4,42:26
3332YD00.mp4,42:27
3332YD00.mp4,42:28
3332YD00.mp4,42:29
3332YD00.mp4,42:30
3332YD00.mp4,42:31
3332YD00.mp4,42:33
3332YD00.mp4,42:35
3332YD00.mp4,42:36
3332YD00.mp4,42:37
3332YD00.mp4,42:38
3332YD00.mp4,42:41
3332YD00.mp4,42:42
3332YD00.mp4,42:46
3332YD00.mp4,42:47
3332YD00.mp4,42:49
3332YD00.mp4,42:54
3332YD00.mp4,42:57
3332YD00.mp4,42:58
3332YD00.mp4,42:59
3332YD00.mp4,43:00
3332YD00.mp4,43:02
3332YD00.mp4,43:04
3332YD00.mp4,43:07
3332YD00.mp4,43:10
3332YD00.mp4,43:11
3332YD00.mp4,43:12
3332YD00.mp4,43:13
3332YD00.mp4,43:14
3332YD00.mp4,43:16
3332YD00.mp4,43:18
3332YD00.mp4,43:21
3332YD00.mp4,43:23
3332YD00.mp4,43:24
3332YD00.mp4,43:27
3332YD00.mp4,43:28
3332YD00.mp4,43:29
3332YD00.mp4,43:30
3332YD00.mp4,43:31
3332YD00.mp4,43:33
3332YD00.mp4,43:36
3332YD00.mp4,43:37
3332YD00.mp4,43:41
3332YD00.mp4,43:43
3332YD00.mp4,43:45
3332YD00.mp4,43:46
3332YD00.mp4,43:47
3332YD00.mp4,43:49
3332YD00.mp4,43:52
3332YD00.mp4,43:53
3332YD00.mp4,43:56
3332YD00.mp4,43:57
3332YD00.mp4,43:58
3332YD00.mp4,44:00
3332YD00.mp4,44:01
3332YD00.mp4,44:02
3332YD00.mp4,44:03
3332YD00.mp4,44:04
3332YD00.mp4,44:06
3332YD00.mp4,44:08
3332YD00.mp4,44:10
3332YD00.mp4,44:11
3332YD00.mp4,44:12
3332YD00.mp4,44:14
3332YD00.mp4,44:15
3332YD00.mp4,44:17
3332YD00.mp4,44:18
3332YD00.mp4,44:20
3332YD00.mp4,44:21
3332YD00.mp4,44:25
3332YD00.mp4,44:26
3332YD00.mp4,44:28
3332YD00.mp4,44:30
3332YD00.mp4,44:32
3332YD00.mp4,44:34
3332YD00.mp4,44:36
3332YD00.mp4,44:37
3332YD00.mp4,44:39
3332YD00.mp4,44:41
3332YD00.mp4,44:45
3332YD00.mp4,44:46
3332YD00.mp4,44:47
3332YD00.mp4,44:49
3332YD00.mp4,44:50
3332YD00.mp4,44:55
3332YD00.mp4,44:57
3332YD00.mp4,44:58
3332YD00.mp4,44:59
3332YD00.mp4,45:01
3332YD00.mp4,45:05
3332YD00.mp4,45:07
3332YD00.mp4,45:08
3332YD00.mp4,45:09
3332YD00.mp4,45:10
3332YD00.mp4,45:11
3332YD00.mp4,45:12
3332YD00.mp4,45:15
3332YD00.mp4,45:16
3332YD00.mp4,45:18
3332YD00.mp4,45:20
3332YD00.mp4,45:24
3332YD00.mp4,45:25
3332YD00.mp4,45:28
3332YD00.mp4,45:29
3332YD00.mp4,45:31
3332YD00.mp4,45:32
3332YD00.mp4,45:33
3332YD00.mp4,45:34
3332YD00.mp4,45:35
3332YD00.mp4,45:38
3332YD00.mp4,45:39
3332YD00.mp4,45:40
3332YD00.mp4,45:42
3332YD00.mp4,45:43
3332YD00.mp4,45:44
3332YD00.mp4,45:46
3332YD00.mp4,45:47
3332YD00.mp4,45:48
3332YD00.mp4,45:50
3332YD00.mp4,45:52
3332YD00.mp4,45:53
3332YD00.mp4,45:54
3332YD00.mp4,45:57
3332YD00.mp4,45:58
3332YD00.mp4,46:00
3332YD00.mp4,46:01
3332YD00.mp4,46:04
3332YD00.mp4,46:06
3332YD00.mp4,46:07
3332YD00.mp4,46:08
3332YD00.mp4,46:10
3332YD00.mp4,46:12
3332YD00.mp4,46:14
3332YD00.mp4,46:18
3332YD00.mp4,46:19
3332YD00.mp4,46:20
3332YD00.mp4,46:23
3332YD00.mp4,46:25
3332YD00.mp4,46:29
3332YD00.mp4,46:30
3332YD00.mp4,46:33
3332YD00.mp4,46:36
3332YD00.mp4,46:42
3332YD00.mp4,46:43
3332YD00.mp4,46:44
3332YD00.mp4,46:46
3332YD00.mp4,46:49
3332YD00.mp4,46:50
3332YD00.mp4,46:54
3332YD00.mp4,46:57
3332YD00.mp4,46:59
3332YD00.mp4,47:01
3332YD00.mp4,47:02
3332YD00.mp4,47:04
3332YD00.mp4,47:06
3332YD00.mp4,47:07
3332YD00.mp4,47:09
3332YD00.mp4,47:11
3332YD00.mp4,47:13
3332YD00.mp4,47:14
3332YD00.mp4,47:15
3332YD00.mp4,47:17
3332YD00.mp4,47:20
3332YD00.mp4,47:22
3332YD00.mp4,47:25
3332YD00.mp4,47:26
3332YD00.mp4,47:27
3332YD00.mp4,47:28
3332YD00.mp4,47:29
3332YD00.mp4,47:31
3332YD00.mp4,47:33
3332YD00.mp4,47:34
3332YD00.mp4,47:35
3332YD00.mp4,47:37
3332YD00.mp4,47:39
3332YD00.mp4,47:40
3332YD00.mp4,47:43
3332YD00.mp4,47:45
3332YD00.mp4,47:46
3332YD00.mp4,47:48
3332YD00.mp4,47:49
3332YD00.mp4,47:52
3332YD00.mp4,47:55
3332YD00.mp4,47:57
3332YD00.mp4,48:02
3332YD00.mp4,48:05
3332YD00.mp4,48:08
3332YD00.mp4,48:09
3332YD00.mp4,48:18
3332YD00.mp4,48:20
3332YD00.mp4,48:22
3332YD00.mp4,48:24
3332YD00.mp4,48:26
3332YD00.mp4,48:27
3332YD00.mp4,48:29
3332YD00.mp4,48:32
3332YD00.mp4,48:33
3332YD00.mp4,48:36
3332YD00.mp4,48:37
3332YD00.mp4,48:38
3332YD00.mp4,48:43
3332YD00.mp4,48:44
3332YD00.mp4,48:45
3332YD00.mp4,48:48
3332YD00.mp4,48:52
3332YD00.mp4,48:54
3332YD00.mp4,48:56
3332YD00.mp4,48:57
3332YD00.mp4,49:00
3332YD00.mp4,49:01
3332YD00.mp4,49:03
3332YD00.mp4,49:05
3332YD00.mp4,49:07
3332YD00.mp4,49:09
3332YD00.mp4,49:11
3332YD00.mp4,49:12
3332YD00.mp4,49:15
3332YD00.mp4,49:16
3332YD00.mp4,49:18
3332YD00.mp4,49:23
3332YD00.mp4,49:24
3332YD00.mp4,49:25
3332YD00.mp4,49:27
3332YD00.mp4,49:30
3332YD00.mp4,49:32
3332YD00.mp4,49:36
3332YD00.mp4,49:38
3332YD00.mp4,49:39
3332YD00.mp4,49:42
3332YD00.mp4,49:44
3332YD00.mp4,49:47
3332YD00.mp4,49:48
3332YD00.mp4,49:49
3332YD00.mp4,49:51
3332YD00.mp4,49:54
3332YD00.mp4,49:55
3332YD00.mp4,49:56
3332YD00.mp4,49:58
3332YD00.mp4,49:59
3332YD00.mp4,50:00
3332YD00.mp4,50:01
3332YD00.mp4,50:02
3332YD00.mp4,50:03
3332YD00.mp4,50:05
3332YD00.mp4,50:08
3332YD00.mp4,50:10
3332YD00.mp4,50:11
3332YD00.mp4,50:15
3332YD00.mp4,50:18
3332YD00.mp4,50:20
3332YD00.mp4,50:21
3332YD00.mp4,50:23
3332YD00.mp4,50:26
3332YD00.mp4,50:29
3332YD00.mp4,50:33
3332YD00.mp4,50:35
3332YD00.mp4,50:36
3332YD00.mp4,50:39
3332YD00.mp4,50:41
3332YD00.mp4,50:42
3332YD00.mp4,50:44
3332YD00.mp4,50:45
3332YD00.mp4,50:48
3332YD00.mp4,50:49
3332YD00.mp4,50:50
3332YD00.mp4,50:51
3332YD00.mp4,50:52
3332YD00.mp4,50:53
3332YD00.mp4,50:54
3332YD00.mp4,50:58
3332YD00.mp4,51:03
3332YD00.mp4,51:04
3332YD00.mp4,51:06
3332YD00.mp4,51:08
3332YD00.mp4,51:09
3332YD00.mp4,51:10
3332YD00.mp4,51:13
3332YD00.mp4,51:14
3332YD00.mp4,51:15
3332YD00.mp4,51:17
3332YD00.mp4,51:18
3332YD00.mp4,51:20
3332YD00.mp4,51:22
3332YD00.mp4,51:23
3332YD00.mp4,51:24
3332YD00.mp4,51:26
3332YD00.mp4,51:27
3332YD00.mp4,51:28
3332YD00.mp4,51:29
3332YD00.mp4,51:30
3332YD00.mp4,51:33
3332YD00.mp4,51:34
3332YD00.mp4,51:35
3332YD00.mp4,51:37
3332YD00.mp4,51:38
3332YD00.mp4,51:40
3332YD00.mp4,51:42
3332YD00.mp4,51:44
3332YD00.mp4,51:46
3332YD00.mp4,51:50
3332YD00.mp4,51:54
3332YD00.mp4,51:55
3332YD00.mp4,51:57
3332YD00.mp4,51:58
3332YD00.mp4,51:59
3332YD00.mp4,52:01
3332YD00.mp4,52:02
3332YD00.mp4,52:03
3332YD00.mp4,52:04
3332YD00.mp4,52:05
3332YD00.mp4,52:09
3332YD00.mp4,52:12
3332YD00.mp4,52:13
3332YD00.mp4,52:15
3332YD00.mp4,52:19
3332YD00.mp4,52:20
3332YD00.mp4,52:23
3332YD00.mp4,52:24
3332YD00.mp4,52:25
3332YD00.mp4,52:27
3332YD00.mp4,52:28
3332YD00.mp4,52:29
3332YD00.mp4,52:31
3332YD00.mp4,52:32
3332YD00.mp4,52:33
3332YD00.mp4,52:45
3332YD00.mp4,52:47
3332YD00.mp4,52:56
3332YD00.mp4,52:57
3332YD00.mp4,52:59
3332YD00.mp4,53:48
3332YD00.mp4,53:49
3332YD00.mp4,53:50
3332YD00.mp4,53:51
3332YD00.mp4,53:52
3332YD00.mp4,53:53
3332YD00.mp4,53:54
3332YD00.mp4,53:56
3332YD00.mp4,53:58
3332YD00.mp4,53:59
3332YD00.mp4,54:00
3332YD00.mp4,54:02
3332YD00.mp4,54:06
3332YD00.mp4,54:07
3332YD00.mp4,54:08
3332YD00.mp4,54:10
3332YD00.mp4,54:11
3332YD00.mp4,54:12
3332YD00.mp4,54:13
3332YD00.mp4,54:14
3332YD00.mp4,54:16
3332YD00.mp4,54:17
3332YD00.mp4,54:19
3332YD00.mp4,54:22
3332YD00.mp4,54:25
3332YD00.mp4,54:26
3332YD00.mp4,54:27
3332YD00.mp4,54:28
3332YD00.mp4,54:29
3332YD00.mp4,54:33
3332YD00.mp4,54:34
3332YD00.mp4,54:37
3332YD00.mp4,54:41
3332YD00.mp4,54:42
3332YD00.mp4,54:44
3332YD00.mp4,54:46
3332YD00.mp4,54:58
3332YD00.mp4,54:59
3332YD00.mp4,55:02
3332YD00.mp4,55:04
3332YD00.mp4,55:05
3332YD00.mp4,55:07
3332YD00.mp4,55:11
3332YD00.mp4,55:12
3332YD00.mp4,55:13
3332YD00.mp4,55:17
3332YD00.mp4,55:19
3332YD00.mp4,55:20
3332YD00.mp4,55:24
3332YD00.mp4,55:26
3332YD00.mp4,55:28
3332YD00.mp4,55:29
3332YD00.mp4,55:30
3332YD00.mp4,55:31
3332YD00.mp4,55:53
3332YD00.mp4,55:58
3332YD00.mp4,56:05
3332YD00.mp4,56:08
3332YD00.mp4,56:19
3332YD00.mp4,56:25
3332YD00.mp4,56:29
3332YD00.mp4,56:39
3332YD00.mp4,56:46
3332YD00.mp4,56:54
3332YD00.mp4,58:04
3332YD00.mp4,59:40
3332YD01.mp4,00:24
3332YD01.mp4,00:53
3332YD01.mp4,01:03
3332YD01.mp4,01:05
3332YD01.mp4,01:39
3332YD01.mp4,02:03
3332YD01.mp4,02:05
3332YD01.mp4,02:06
3332YD01.mp4,02:09
3332YD01.mp4,02:12
3332YD01.mp4,02:19
3332YD01.mp4,02:22
3332YD01.mp4,02:23
3332YD01.mp4,02:24
3332YD01.mp4,02:25
3332YD01.mp4,02:26
3332YD01.mp4,02:32
3332YD01.mp4,02:33
3332YD01.mp4,02:36
3332YD01.mp4,02:37
3332YD01.mp4,02:38
3332YD01.mp4,02:40
3332YD01.mp4,02:41
3332YD01.mp4,02:43
3332YD01.mp4,02:44
3332YD01.mp4,02:46
3332YD01.mp4,02:48
3332YD01.mp4,02:49
3332YD01.mp4,02:51
3332YD01.mp4,02:54
3332YD01.mp4,02:56
3332YD01.mp4,03:18
3332YD01.mp4,03:19
3332YD01.mp4,03:21
3332YD01.mp4,03:23
3332YD01.mp4,03:25
3332YD01.mp4,03:27
3332YD01.mp4,03:28
3332YD01.mp4,03:29
3332YD01.mp4,03:30
3332YD01.mp4,03:32
3332YD01.mp4,03:34
3332YD01.mp4,03:38
3332YD01.mp4,03:40
3332YD01.mp4,03:41
3332YD01.mp4,03:44
3332YD01.mp4,03:46
3332YD01.mp4,03:48
3332YD01.mp4,03:49
3332YD01.mp4,03:50
3332YD01.mp4,03:51
3332YD01.mp4,03:52
3332YD01.mp4,03:56
3332YD01.mp4,03:58
3332YD01.mp4,04:02
3332YD01.mp4,04:04
3332YD01.mp4,04:05
3332YD01.mp4,04:07
3332YD01.mp4,04:09
3332YD01.mp4,04:10
3332YD01.mp4,04:13
3332YD01.mp4,04:15
3332YD01.mp4,04:17
3332YD01.mp4,04:19
3332YD01.mp4,04:20
3332YD01.mp4,04:23
3332YD01.mp4,04:26
3332YD01.mp4,04:29
3332YD01.mp4,04:32
3332YD01.mp4,04:36
3332YD01.mp4,04:37
3332YD01.mp4,04:41
3332YD01.mp4,04:48
3332YD01.mp4,04:50
3332YD01.mp4,04:54
3332YD01.mp4,04:55
3332YD01.mp4,04:58
3332YD01.mp4,05:01
3332YD01.mp4,05:02
3332YD01.mp4,05:03
3332YD01.mp4,05:04
3332YD01.mp4,05:05
3332YD01.mp4,05:06
3332YD01.mp4,05:08
3332YD01.mp4,05:09
3332YD01.mp4,05:11
3332YD01.mp4,05:12
3332YD01.mp4,05:13
3332YD01.mp4,05:14
3332YD01.mp4,05:15
3332YD01.mp4,05:17
3332YD01.mp4,05:18
3332YD01.mp4,05:19
3332YD01.mp4,05:20
3332YD01.mp4,05:23
3332YD01.mp4,05:24
3332YD01.mp4,05:28
3332YD01.mp4,05:30
3332YD01.mp4,05:32
3332YD01.mp4,05:34
3332YD01.mp4,05:38
3332YD01.mp4,05:40
3332YD01.mp4,05:41
3332YD01.mp4,05:43
3332YD01.mp4,05:45
3332YD01.mp4,05:46
3332YD01.mp4,05:47
3332YD01.mp4,05:49
3332YD01.mp4,05:50
3332YD01.mp4,05:51
3332YD01.mp4,05:54
3332YD01.mp4,05:56
3332YD01.mp4,05:57
3332YD01.mp4,05:58
3332YD01.mp4,06:02
3332YD01.mp4,06:03
3332YD01.mp4,06:08
3332YD01.mp4,06:09
3332YD01.mp4,06:10
3332YD01.mp4,06:12
3332YD01.mp4,06:13
3332YD01.mp4,06:15
3332YD01.mp4,06:20
3332YD01.mp4,06:21
3332YD01.mp4,06:22
3332YD01.mp4,06:24
3332YD01.mp4,06:25
3332YD01.mp4,06:27
3332YD01.mp4,06:28
3332YD01.mp4,06:29
3332YD01.mp4,06:32
3332YD01.mp4,06:33
3332YD01.mp4,06:34
3332YD01.mp4,06:36
3332YD01.mp4,06:37
3332YD01.mp4,06:38
3332YD01.mp4,06:41
3332YD01.mp4,06:45
3332YD01.mp4,06:47
3332YD01.mp4,06:48
3332YD01.mp4,06:49
3332YD01.mp4,06:50
3332YD01.mp4,06:54
3332YD01.mp4,06:56
3332YD01.mp4,06:57
3332YD01.mp4,06:59
3332YD01.mp4,07:00
3332YD01.mp4,07:01
3332YD01.mp4,07:03
3332YD01.mp4,07:04
3332YD01.mp4,07:05
3332YD01.mp4,07:07
3332YD01.mp4,07:10
3332YD01.mp4,07:11
3332YD01.mp4,07:13
3332YD01.mp4,07:15
3332YD01.mp4,07:16
3332YD01.mp4,07:17
3332YD01.mp4,07:20
3332YD01.mp4,07:21
3332YD01.mp4,07:23
3332YD01.mp4,07:25
3332YD01.mp4,07:27
3332YD01.mp4,07:32
3332YD01.mp4,07:33
3332YD01.mp4,07:36
3332YD01.mp4,07:37
3332YD01.mp4,07:40
3332YD01.mp4,07:41
3332YD01.mp4,07:43
3332YD01.mp4,07:44
3332YD01.mp4,07:47
3332YD01.mp4,07:49
3332YD01.mp4,07:52
3332YD01.mp4,07:55
3332YD01.mp4,07:56
3332YD01.mp4,07:58
3332YD01.mp4,08:00
3332YD01.mp4,08:03
3332YD01.mp4,08:04
3332YD01.mp4,08:05
3332YD01.mp4,08:06
3332YD01.mp4,08:08
3332YD01.mp4,08:09
3332YD01.mp4,08:13
3332YD01.mp4,08:15
3332YD01.mp4,08:17
3332YD01.mp4,08:19
3332YD01.mp4,08:20
3332YD01.mp4,08:24
3332YD01.mp4,08:27
3332YD01.mp4,08:30
3332YD01.mp4,08:35
3332YD01.mp4,08:36
3332YD01.mp4,08:37
3332YD01.mp4,08:38
3332YD01.mp4,08:39
3332YD01.mp4,08:40
3332YD01.mp4,08:42
3332YD01.mp4,08:44
3332YD01.mp4,08:47
3332YD01.mp4,08:49
3332YD01.mp4,08:51
3332YD01.mp4,08:57
3332YD01.mp4,09:00
3332YD01.mp4,09:01
3332YD01.mp4,09:04
3332YD01.mp4,09:05
3332YD01.mp4,09:08
3332YD01.mp4,09:09
3332YD01.mp4,09:10
3332YD01.mp4,09:11
3332YD01.mp4,09:15
3332YD01.mp4,09:17
3332YD01.mp4,09:18
3332YD01.mp4,09:19
3332YD01.mp4,09:21
3332YD01.mp4,09:22
3332YD01.mp4,09:25
3332YD01.mp4,09:27
3332YD01.mp4,09:30
3332YD01.mp4,09:35
3332YD01.mp4,09:39
3332YD01.mp4,09:41
3332YD01.mp4,09:42
3332YD01.mp4,09:43
3332YD01.mp4,09:44
3332YD01.mp4,09:46
3332YD01.mp4,09:53
3332YD01.mp4,09:55
3332YD01.mp4,09:58
3332YD01.mp4,09:59
3332YD01.mp4,10:00
3332YD01.mp4,10:01
3332YD01.mp4,10:02
3332YD01.mp4,10:03
3332YD01.mp4,10:05
3332YD01.mp4,10:07
3332YD01.mp4,10:09
3332YD01.mp4,10:14
3332YD01.mp4,10:15
3332YD01.mp4,10:16
3332YD01.mp4,10:17
3332YD01.mp4,10:18
3332YD01.mp4,10:20
3332YD01.mp4,10:21
3332YD01.mp4,10:23
3332YD01.mp4,10:28
3332YD01.mp4,10:30
3332YD01.mp4,10:32
3332YD01.mp4,10:33
3332YD01.mp4,10:35
3332YD01.mp4,10:36
3332YD01.mp4,10:38
3332YD01.mp4,10:39
3332YD01.mp4,10:41
3332YD01.mp4,10:42
3332YD01.mp4,10:46
3332YD01.mp4,10:48
3332YD01.mp4,10:51
3332YD01.mp4,10:53
3332YD01.mp4,10:57
3332YD01.mp4,10:59
3332YD01.mp4,11:00
3332YD01.mp4,11:01
3332YD01.mp4,11:02
3332YD01.mp4,11:03
3332YD01.mp4,11:04
3332YD01.mp4,11:05
3332YD01.mp4,11:07
3332YD01.mp4,11:08
3332YD01.mp4,11:09
3332YD01.mp4,11:11
3332YD01.mp4,11:12
3332YD01.mp4,11:16
3332YD01.mp4,11:17
3332YD01.mp4,11:20
3332YD01.mp4,11:21
3332YD01.mp4,11:22
3332YD01.mp4,11:24
3332YD01.mp4,11:25
3332YD01.mp4,11:26
3332YD01.mp4,11:27
3332YD01.mp4,11:28
3332YD01.mp4,11:30
3332YD01.mp4,11:31
3332YD01.mp4,11:34
3332YD01.mp4,11:36
3332YD01.mp4,11:37
3332YD01.mp4,11:46
3332YD01.mp4,11:50
3332YD01.mp4,11:52
3332YD01.mp4,11:53
3332YD01.mp4,11:54
3332YD01.mp4,11:56
3332YD01.mp4,11:58
3332YD01.mp4,12:00
3332YD01.mp4,12:01
3332YD01.mp4,12:02
3332YD01.mp4,12:06
3332YD01.mp4,12:08
3332YD01.mp4,12:09
3332YD01.mp4,12:11
3332YD01.mp4,12:12
3332YD01.mp4,12:13
3332YD01.mp4,12:16
3332YD01.mp4,12:19
3332YD01.mp4,12:20
3332YD01.mp4,12:23
3332YD01.mp4,12:30
3332YD01.mp4,12:31
3332YD01.mp4,12:33
3332YD01.mp4,12:34
3332YD01.mp4,12:37
3332YD01.mp4,12:39
3332YD01.mp4,12:41
3332YD01.mp4,12:42
3332YD01.mp4,12:43
3332YD01.mp4,12:44
3332YD01.mp4,12:47
3332YD01.mp4,12:48
3332YD01.mp4,12:49
3332YD01.mp4,12:50
3332YD01.mp4,12:52
3332YD01.mp4,12:54
3332YD01.mp4,12:55
3332YD01.mp4,12:56
3332YD01.mp4,12:57
3332YD01.mp4,13:00
3332YD01.mp4,13:03
3332YD01.mp4,13:06
3332YD01.mp4,13:07
3332YD01.mp4,13:08
3332YD01.mp4,13:09
3332YD01.mp4,13:10
3332YD01.mp4,13:12
3332YD01.mp4,13:13
3332YD01.mp4,13:15
3332YD01.mp4,13:17
3332YD01.mp4,13:18
3332YD01.mp4,13:20
3332YD01.mp4,13:24
3332YD01.mp4,13:26
3332YD01.mp4,13:28
3332YD01.mp4,13:29
3332YD01.mp4,13:35
3332YD01.mp4,13:37
3332YD01.mp4,13:38
3332YD01.mp4,13:39
3332YD01.mp4,13:44
3332YD01.mp4,13:46
3332YD01.mp4,13:47
3332YD01.mp4,13:49
3332YD01.mp4,13:50
3332YD01.mp4,13:51
3332YD01.mp4,14:13
3332YD01.mp4,14:18
3332YD01.mp4,14:27
3332YD01.mp4,14:29
3332YD01.mp4,14:35
3332YD01.mp4,14:41
3332YD01.mp4,14:46
3332YD01.mp4,14:58
3332YD01.mp4,15:39
3332YD01.mp4,15:44
3332YD01.mp4,18:05
3332YD01.mp4,26:01
3332YD01.mp4,26:03
3332YD01.mp4,26:05
3332YD01.mp4,26:06
3332YD01.mp4,26:07
3332YD01.mp4,26:10
3332YD01.mp4,26:11
3332YD01.mp4,26:13
3332YD01.mp4,26:17
3332YD01.mp4,31:27
3332YD01.mp4,31:42
3332YD01.mp4,31:44
3332YD01.mp4,31:45
3332YD01.mp4,32:12
3332YD01.mp4,32:18
3332YD01.mp4,32:20
3332YD01.mp4,32:21
3332YD01.mp4,32:22
3332YD01.mp4,32:57
3332YD01.mp4,32:58
3332YD01.mp4,32:59
3332YD01.mp4,34:30
3332YD01.mp4,34:54
3332YD01.mp4,38:44
3332YD01.mp4,41:32
3332YD01.mp4,45:25
3332YD01.mp4,57:28
3332YD01.mp4,58:47
3332YD01.mp4,59:15
3332YD01.mp4,59:25
3332YD01.mp4,59:32
3332YD01.mp4,59:47
3332YD01.mp4,59:49
3332YE00.mp4,37:21
3332YE00.mp4,37:24
3332YE00.mp4,37:43
3332YE00.mp4,37:45
3332YE00.mp4,37:52
3332YE00.mp4,00:33
3332YE00.mp4,00:35
3332YE00.mp4,00:38
3332YE00.mp4,00:44
3332YE00.mp4,00:45
3332YE00.mp4,00:49
3332YE00.mp4,00:50
3332YE00.mp4,00:51
3332YE00.mp4,01:09
3332YE00.mp4,01:30
3332YE00.mp4,01:32
3332YE00.mp4,02:30
3332YE00.mp4,02:42
3332YE00.mp4,02:46
3332YE00.mp4,02:49
3332YE00.mp4,02:52
3332YE00.mp4,02:53
3332YE00.mp4,02:56
3332YE00.mp4,02:58
3332YE00.mp4,03:01
3332YE00.mp4,03:18
3332YE00.mp4,03:20
3332YE00.mp4,03:21
3332YE00.mp4,03:31
3332YE00.mp4,03:49
3332YE00.mp4,04:05
3332YE00.mp4,04:14
3332YE00.mp4,04:23
3332YE00.mp4,04:26
3332YE00.mp4,04:29
3332YE00.mp4,04:56
3332YE00.mp4,04:57
3332YE00.mp4,05:40
3332YE00.mp4,05:59
3332YE00.mp4,06:00
3332YE00.mp4,06:04
3332YE00.mp4,06:05
3332YE00.mp4,06:14
3332YE00.mp4,06:16
3332YE00.mp4,06:19
3332YE00.mp4,06:21
3332YE00.mp4,06:22
3332YE00.mp4,06:23
3332YE00.mp4,06:24
3332YE00.mp4,06:25
3332YE00.mp4,06:26
3332YE00.mp4,06:29
3332YE00.mp4,06:31
3332YE00.mp4,06:37
3332YE00.mp4,06:41
3332YE00.mp4,06:46
3332YE00.mp4,06:53
3332YE00.mp4,06:55
3332YE00.mp4,06:56
3332YE00.mp4,06:58
3332YE00.mp4,07:04
3332YE00.mp4,07:06
3332YE00.mp4,07:10
3332YE00.mp4,07:13
3332YE00.mp4,07:18
3332YE00.mp4,07:34
3332YE00.mp4,08:11
3332YE00.mp4,09:00
3332YE00.mp4,12:04
3332YE00.mp4,12:27
3332YE00.mp4,12:32
3332YE00.mp4,12:37
3332YE00.mp4,12:52
3332YE00.mp4,12:54
3332YE00.mp4,12:56
3332YE00.mp4,13:02
3332YE00.mp4,13:05
3332YE00.mp4,13:14
3332YE00.mp4,13:22
3332YE00.mp4,13:29
3332YE00.mp4,13:35
3332YE00.mp4,13:38
3332YE00.mp4,13:40
3332YE00.mp4,13:43
3332YE00.mp4,13:49
3332YE00.mp4,13:52
3332YE00.mp4,13:53
3332YE00.mp4,13:56
3332YE00.mp4,14:01
3332YE00.mp4,14:07
3332YE00.mp4,14:11
3332YE00.mp4,14:17
3332YE00.mp4,14:19
3332YE00.mp4,14:27
3332YE00.mp4,14:29
3332YE00.mp4,14:37
3332YE00.mp4,14:40
3332YE00.mp4,14:42
3332YE00.mp4,14:56
3332YE00.mp4,15:15
3332YE00.mp4,16:37
3332YE00.mp4,16:40
3332YE00.mp4,16:45
3332YE00.mp4,17:26
3332YE00.mp4,18:11
3332YE00.mp4,18:12
3332YE00.mp4,18:29
3332YE00.mp4,18:31
3332YE00.mp4,18:36
3332YE00.mp4,18:48
3332YE00.mp4,18:57
3332YE00.mp4,19:01
3332YE00.mp4,19:03
3332YE00.mp4,19:09
3332YE00.mp4,19:10
3332YE00.mp4,19:12
3332YE00.mp4,19:13
3332YE00.mp4,19:18
3332YE00.mp4,19:20
3332YE00.mp4,19:21
3332YE00.mp4,19:22
3332YE00.mp4,19:23
3332YE00.mp4,19:24
3332YE00.mp4,19:26
3332YE00.mp4,19:27
3332YE00.mp4,19:28
3332YE00.mp4,19:30
3332YE00.mp4,19:32
3332YE00.mp4,19:34
3332YE00.mp4,19:35
3332YE00.mp4,19:36
3332YE00.mp4,19:38
3332YE00.mp4,19:39
3332YE00.mp4,19:41
3332YE00.mp4,19:43
3332YE00.mp4,19:47
3332YE00.mp4,19:55
3332YE00.mp4,19:56
3332YE00.mp4,19:57
3332YE00.mp4,20:00
3332YE00.mp4,20:02
3332YE00.mp4,20:06
3332YE00.mp4,20:08
3332YE00.mp4,20:10
3332YE00.mp4,20:12
3332YE00.mp4,20:13
3332YE00.mp4,20:14
3332YE00.mp4,20:15
3332YE00.mp4,20:17
3332YE00.mp4,20:18
3332YE00.mp4,20:20
3332YE00.mp4,20:21
3332YE00.mp4,20:22
3332YE00.mp4,20:52
3332YE00.mp4,21:02
3332YE00.mp4,21:06
3332YE00.mp4,21:07
3332YE00.mp4,21:09
3332YE00.mp4,21:10
3332YE00.mp4,21:11
3332YE00.mp4,21:13
3332YE00.mp4,21:22
3332YE00.mp4,21:25
3332YE00.mp4,21:28
3332YE00.mp4,21:31
3332YE00.mp4,21:40
3332YE00.mp4,21:44
3332YE00.mp4,21:49
3332YE00.mp4,21:52
3332YE00.mp4,22:05
3332YE00.mp4,22:06
3332YE00.mp4,22:08
3332YE00.mp4,22:10
3332YE00.mp4,22:15
3332YE00.mp4,22:17
3332YE00.mp4,22:19
3332YE00.mp4,22:28
3332YE00.mp4,22:33
3332YE00.mp4,22:44
3332YE00.mp4,22:48
3332YE00.mp4,22:50
3332YE00.mp4,22:51
3332YE00.mp4,22:55
3332YE00.mp4,22:57
3332YE00.mp4,22:59
3332YE00.mp4,23:00
3332YE00.mp4,23:01
3332YE00.mp4,23:02
3332YE00.mp4,23:03
3332YE00.mp4,23:05
3332YE00.mp4,23:06
3332YE00.mp4,23:09
3332YE00.mp4,23:10
3332YE00.mp4,23:12
3332YE00.mp4,23:16
3332YE00.mp4,23:19
3332YE00.mp4,23:22
3332YE00.mp4,23:25
3332YE00.mp4,23:28
3332YE00.mp4,23:33
3332YE00.mp4,23:38
3332YE00.mp4,23:44
3332YE00.mp4,23:49
3332YE00.mp4,23:57
3332YE00.mp4,24:00
3332YE00.mp4,24:02
3332YE00.mp4,24:03
3332YE00.mp4,24:04
3332YE00.mp4,24:05
3332YE00.mp4,24:07
3332YE00.mp4,24:10
3332YE00.mp4,24:16
3332YE00.mp4,24:17
3332YE00.mp4,24:23
3332YE00.mp4,24:25
3332YE00.mp4,24:29
3332YE00.mp4,24:31
3332YE00.mp4,24:35
3332YE00.mp4,24:36
3332YE00.mp4,24:38
3332YE00.mp4,24:40
3332YE00.mp4,24:42
3332YE00.mp4,24:43
3332YE00.mp4,24:44
3332YE00.mp4,24:47
3332YE00.mp4,24:49
3332YE00.mp4,24:54
3332YE00.mp4,24:55
3332YE00.mp4,24:56
3332YE00.mp4,24:59
3332YE00.mp4,25:04
3332YE00.mp4,25:07
3332YE00.mp4,25:08
3332YE00.mp4,25:12
3332YE00.mp4,25:14
3332YE00.mp4,25:15
3332YE00.mp4,25:17
3332YE00.mp4,25:18
3332YE00.mp4,25:21
3332YE00.mp4,25:23
3332YE00.mp4,25:24
3332YE00.mp4,25:25
3332YE00.mp4,25:26
3332YE00.mp4,25:27
3332YE00.mp4,25:30
3332YE00.mp4,25:41
3332YE00.mp4,25:43
3332YE00.mp4,25:47
3332YE00.mp4,26:13
3332YE00.mp4,26:15
3332YE00.mp4,26:17
3332YE00.mp4,26:19
3332YE00.mp4,26:23
3332YE00.mp4,26:26
3332YE00.mp4,26:27
3332YE00.mp4,26:29
3332YE00.mp4,26:30
3332YE00.mp4,26:33
3332YE00.mp4,26:34
3332YE00.mp4,26:35
3332YE00.mp4,26:38
3332YE00.mp4,26:40
3332YE00.mp4,26:41
3332YE00.mp4,26:43
3332YE00.mp4,26:54
3332YE00.mp4,26:57
3332YE00.mp4,27:03
3332YE00.mp4,27:10
3332YE00.mp4,27:11
3332YE00.mp4,27:13
3332YE00.mp4,28:10
3332YE00.mp4,28:22
3332YE00.mp4,29:13
3332YE00.mp4,30:44
3332YE00.mp4,32:40
3332YE00.mp4,37:37
3332YE00.mp4,37:56
3332YE00.mp4,37:57
3332YE00.mp4,38:11
3332YE00.mp4,38:30
3332YE00.mp4,39:16
3332YE00.mp4,41:09
3332YE00.mp4,41:31
3332YE00.mp4,42:42
3332YE00.mp4,43:07
3332YE00.mp4,44:10
3332YE00.mp4,44:11
3332YE00.mp4,44:16
3332YE00.mp4,44:29
3332YE00.mp4,44:32
3332YE00.mp4,44:58
3332YE00.mp4,45:44
3332YE00.mp4,45:46
3332YE00.mp4,45:47
3332YE00.mp4,46:08
3332YE00.mp4,46:14
3332YE00.mp4,46:33
3332YE00.mp4,46:35
3332YE00.mp4,46:39
3332YE00.mp4,46:41
3332YE00.mp4,46:44
3332YE00.mp4,46:45
3332YE00.mp4,46:47
3332YE00.mp4,46:53
3332YE00.mp4,46:58
3332YE00.mp4,47:00
3332YE00.mp4,47:03
3332YE00.mp4,47:05
3332YE00.mp4,47:06
3332YE00.mp4,47:08
3332YE00.mp4,47:10
3332YE00.mp4,47:11
3332YE00.mp4,47:15
3332YE00.mp4,47:16
3332YE00.mp4,47:18
3332YE00.mp4,47:19
3332YE00.mp4,47:22
3332YE00.mp4,47:29
3332YE00.mp4,47:33
3332YE00.mp4,47:34
3332YE00.mp4,47:35
3332YE00.mp4,47:36
3332YE00.mp4,47:37
3332YE00.mp4,47:39
3332YE00.mp4,47:46
3332YE00.mp4,47:48
3332YE00.mp4,47:51
3332YE00.mp4,47:53
3332YE00.mp4,47:56
3332YE00.mp4,47:57
3332YE00.mp4,47:59
3332YE00.mp4,48:02
3332YE00.mp4,48:03
3332YE00.mp4,48:05
3332YE00.mp4,48:07
3332YE00.mp4,48:08
3332YE00.mp4,48:10
3332YE00.mp4,48:11
3332YE00.mp4,48:20
3332YE00.mp4,48:27
3332YE00.mp4,48:30
3332YE00.mp4,48:32
3332YE00.mp4,48:38
3332YE00.mp4,48:39
3332YE00.mp4,48:40
3332YE00.mp4,48:41
3332YE00.mp4,48:44
3332YE00.mp4,48:45
3332YE00.mp4,48:47
3332YE00.mp4,48:49
3332YE00.mp4,48:52
3332YE00.mp4,48:56
3332YE00.mp4,48:58
3332YE00.mp4,48:59
3332YE00.mp4,49:03
3332YE00.mp4,49:05
3332YE00.mp4,49:06
3332YE00.mp4,49:12
3332YE00.mp4,49:14
3332YE00.mp4,49:41
3332YE00.mp4,49:43
3332YE00.mp4,49:49
3332YE00.mp4,49:56
3332YE00.mp4,50:42
3332YE00.mp4,50:49
3332YE00.mp4,51:01
3332YE00.mp4,51:12
3332YE00.mp4,51:30
3332YE00.mp4,51:36
3332YE00.mp4,51:47
3332YE00.mp4,51:48
3332YE00.mp4,51:57
3332YE00.mp4,52:07
3332YE00.mp4,52:42
3332YE00.mp4,54:04
3332YE00.mp4,54:18
3332YE00.mp4,54:28
3332YE00.mp4,54:30
3332YE00.mp4,56:16
3332YE00.mp4,56:40
3332YE00.mp4,58:52
3332YE00.mp4,58:59
3332YE00.mp4,59:01
3332YE00.mp4,59:03
3332YE00.mp4,59:10
3332YE00.mp4,59:11
3332YE00.mp4,59:13
3332YE00.mp4,59:16
3332YE00.mp4,59:24
3332YE00.mp4,59:38
3332YE01.mp4,01:02
3332YE01.mp4,01:06
3332YE01.mp4,01:07
3332YE01.mp4,01:15
3332YE01.mp4,01:27
3332YE01.mp4,01:49
3332YE01.mp4,01:50
3332YE01.mp4,01:53
3332YE01.mp4,01:55
3332YE01.mp4,03:11
3332YE01.mp4,03:43
3332YE01.mp4,04:35
3332YE01.mp4,05:02
3332YE01.mp4,05:18
3332YE01.mp4,05:21
3332YE01.mp4,05:43
3332YE01.mp4,05:46
3332YE01.mp4,05:47
3332YE01.mp4,05:50
3332YE01.mp4,05:54
3332YE01.mp4,05:59
3332YE01.mp4,06:05
3332YE01.mp4,06:19
3332YE01.mp4,06:25
3332YE01.mp4,06:28
3332YE01.mp4,06:48
3332YE01.mp4,06:51
3332YE01.mp4,06:55
3332YE01.mp4,06:56
3332YE01.mp4,06:58
3332YE01.mp4,07:03
3332YE01.mp4,07:11
3332YH01.mp4,55:54
3332YH01.mp4,53:04
3332YH01.mp4,53:06
3332YI00.mp4,18:22
3332YI00.mp4,18:26
3332YI00.mp4,18:42
3332YI00.mp4,18:46
3332YI00.mp4,18:48
3332YI00.mp4,18:55
3332YI00.mp4,18:59
3332YI00.mp4,19:10
3332YI00.mp4,19:45
3332YI00.mp4,19:49
3332YI00.mp4,20:56
3332YI00.mp4,21:40
3332YI00.mp4,21:53
3332YI00.mp4,21:55
3332YI00.mp4,21:56
3332YI00.mp4,22:03
3332YI00.mp4,22:07
3332YI00.mp4,22:12
3332YI00.mp4,22:17
3332YI00.mp4,22:18
3332YI00.mp4,22:28
3332YI00.mp4,22:29
3332YI00.mp4,22:31
3332YI00.mp4,22:32
3332YI00.mp4,22:36
3332YI00.mp4,23:23
3332YI00.mp4,23:26
3332YI00.mp4,23:37
3332YI00.mp4,23:38
3332YI00.mp4,23:39
3332YI00.mp4,23:41
3332YI00.mp4,23:55
3332YI00.mp4,25:06
3332YI00.mp4,25:09
3332YI00.mp4,25:11
3332YI00.mp4,25:34
3332YI00.mp4,11:11
3332YI00.mp4,34:31
3332YI00.mp4,48:20
3332YI00.mp4,52:39
3332YI00.mp4,53:29
3332YI00.mp4,53:44
3332YI00.mp4,53:45
3332YI00.mp4,53:56
3332YI00.mp4,53:58
3332YI00.mp4,54:02
3332YI00.mp4,54:04
3332YI00.mp4,54:05
3332YI00.mp4,54:06
3332YI00.mp4,54:10
3332YI00.mp4,54:38
3332YI00.mp4,54:45
3332YI00.mp4,55:12
3332YI00.mp4,55:45
3332YI00.mp4,58:01
3332YI00.mp4,58:12
3332YI00.mp4,58:15
3332YI00.mp4,58:17
3332YI00.mp4,58:19
3332YI00.mp4,58:37
3332YI00.mp4,58:41
3332YI00.mp4,58:51
3332YI00.mp4,59:31
3332YI00.mp4,59:41
3332YI00.mp4,59:44
3332YI00.mp4,59:45
3332YI00.mp4,59:52
3332YI00.mp4,59:53
3332YI00.mp4,59:58
3332YJ00.mp4,01:34
3332YJ00.mp4,01:40
3332YJ00.mp4,01:44
3332YJ00.mp4,06:47
3332YJ00.mp4,07:42
3332YJ00.mp4,07:57
3332YJ00.mp4,08:03
3332YJ00.mp4,08:15
3332YJ00.mp4,08:37
3332YJ00.mp4,21:45
3332YJ01.mp4,48:15
3332YJ01.mp4,48:42
3332YJ01.mp4,49:42
3332YJ01.mp4,53:13
3332YJ01.mp4,53:52
3332YJ01.mp4,39:14
3332YJ01.mp4,39:17
3332YJ01.mp4,39:19
3332YJ01.mp4,52:47
3332YK00.mp4,00:27
3332YK00.mp4,00:28
3332YK00.mp4,11:10
3332YK00.mp4,17:12
3332YK00.mp4,17:34
3332YK00.mp4,17:36
3332YK00.mp4,18:06
3332YK00.mp4,18:07
3332YK00.mp4,20:35
3332YK00.mp4,20:37
3332YK00.mp4,24:10
3332YK00.mp4,24:15
3332YK00.mp4,24:27
3332YK00.mp4,25:08
3332YK00.mp4,26:16
3332YK00.mp4,27:34
3332YK00.mp4,29:11
3332YK00.mp4,45:04
3332YK00.mp4,46:13
3332YK00.mp4,47:01
3332YK00.mp4,47:26
3332YK00.mp4,47:28
3332YK00.mp4,48:13
3332YK01.mp4,16:07
3332YK01.mp4,16:32
3332YK01.mp4,16:33
3332YK01.mp4,17:19
3332YK01.mp4,17:25
3332YK01.mp4,17:30
3332YK01.mp4,17:33
3332YK01.mp4,17:36
3332YK01.mp4,26:13
3332YK01.mp4,26:14
3332YK01.mp4,26:17
3332YK01.mp4,26:20
3332YK01.mp4,29:52
3332YK01.mp4,29:53
3332YK01.mp4,29:54
3332YK01.mp4,29:55
3332YK01.mp4,29:58
3332YK01.mp4,30:00
3332YK01.mp4,30:03
3332YK01.mp4,30:33
3332YK01.mp4,30:35
3332YK01.mp4,30:47
3332YK01.mp4,30:49
3332YK01.mp4,30:54
3332YK01.mp4,30:55
3332YK01.mp4,30:58
3332YK01.mp4,31:03
3332YK01.mp4,31:06
3332YK01.mp4,31:18
3332YK01.mp4,31:22
3332YK01.mp4,31:24
3332YK01.mp4,31:33
3332YK01.mp4,31:35
3332YK01.mp4,31:36
3332YK01.mp4,31:39
3332YK01.mp4,31:41
3332YK01.mp4,31:51
3332YK01.mp4,32:36
3332YK01.mp4,33:08
3332YK01.mp4,33:11
3332YK01.mp4,33:12
3332YK01.mp4,33:13
3332YK01.mp4,33:15
3332YK01.mp4,33:16
3332YK01.mp4,33:17
3332YK01.mp4,33:47
3332YK01.mp4,33:48
3332YK01.mp4,37:17
3332YK01.mp4,38:59
3332YL00.mp4,20:49
3332YL00.mp4,39:52
3332YL00.mp4,41:00
3332YL00.mp4,41:37
3332YL00.mp4,41:38
3332YL00.mp4,41:49
3332YL00.mp4,41:50
3332YL00.mp4,41:51
3332YL00.mp4,42:55
3332YL00.mp4,42:56
3332YL01.mp4,15:59
3332YL01.mp4,16:03
3332YL01.mp4,36:31
3332YM01.mp4,33:41
3332YM01.mp4,33:43
3332YM01.mp4,33:45
3332YM01.mp4,46:16
3332YN00.mp4,32:38
3332YN00.mp4,32:39
3332YN00.mp4,48:55
3332YN00.mp4,27:26
3332YN00.mp4,33:07
3332YN00.mp4,33:37
3332YN00.mp4,33:51
3332YN01.mp4,09:57
3332YN01.mp4,27:42
3332YN01.mp4,33:05
3332YO00.mp4,31:04
3332YO00.mp4,54:10
3332YO00.mp4,54:12
3332YO00.mp4,54:14
3332YO00.mp4,54:19
3332YO00.mp4,54:29
3332YO00.mp4,54:33
3332YO00.mp4,54:35
3332YO00.mp4,54:36
3332YO00.mp4,54:43
3332YO00.mp4,54:48
3332YO00.mp4,55:00
3332YO00.mp4,55:02
3332YO00.mp4,55:03
3332YO00.mp4,55:05
3332YO00.mp4,55:08
3332YO00.mp4,55:11
3332YO00.mp4,56:53
3332YO00.mp4,57:11
3332YO00.mp4,57:13
3332YO00.mp4,57:18
3332YO00.mp4,57:26
3332YO00.mp4,57:32
3332YO00.mp4,57:34
3332YO00.mp4,57:54
3332YO00.mp4,57:55
3332YO00.mp4,57:56
3332YO00.mp4,58:14
3332YO00.mp4,58:25
3332YO00.mp4,58:28
3332YO00.mp4,58:37
3332YO00.mp4,58:38
3332YO00.mp4,58:43
3332YO00.mp4,58:45
3332YO00.mp4,58:46
3332YO00.mp4,58:55
3332YO00.mp4,58:59
3332YO01.mp4,00:13
3332YO01.mp4,00:40
3332YO01.mp4,00:50
3332YO01.mp4,01:21
3332YO01.mp4,01:26
3332YO01.mp4,01:31
3332YO01.mp4,01:42
3332YO01.mp4,01:47
3332YO01.mp4,01:50
3332YO01.mp4,01:54
3332YO01.mp4,01:58
3332YO01.mp4,02:15
3332YO01.mp4,02:18
3332YO01.mp4,02:23
3332YO01.mp4,02:36
3332YO01.mp4,02:41
3332YO01.mp4,03:10
3332YO01.mp4,03:45
3332YO01.mp4,03:46
3332YO01.mp4,03:49
3332YO01.mp4,03:51
3332YO01.mp4,04:09
3332YO01.mp4,04:12
3332YO01.mp4,05:22
3332YO01.mp4,06:54
3332YO01.mp4,06:56
3332YO01.mp4,07:41
3332YO01.mp4,08:08
3332YO01.mp4,25:07
3332YP00.mp4,40:36
3332YP00.mp4,40:54
3332YP00.mp4,40:57
3332YP00.mp4,41:00
3332YP00.mp4,41:14
3332YP00.mp4,41:16
3332YP00.mp4,41:39
3332YP00.mp4,41:46
3332YP00.mp4,41:58
3332YP00.mp4,42:16
3332YP00.mp4,48:53
3332YP00.mp4,49:33
3332YP01.mp4,36:38
3332YP01.mp4,36:43
3332YP01.mp4,38:38
3332YP01.mp4,39:33
3332YP01.mp4,39:38
3332YP01.mp4,39:40
3332YP01.mp4,39:50
3332YP01.mp4,39:55
3332YP01.mp4,40:29
3332YP01.mp4,40:31
3332YP01.mp4,40:33
3332YP01.mp4,03:34
3332YP01.mp4,03:45
3332YP01.mp4,03:46
3332YP01.mp4,03:50
3332YP01.mp4,03:52
3332YP01.mp4,03:57
3332YQ00.mp4,14:31
3332YQ00.mp4,14:32
3332YQ00.mp4,23:53
3332YQ00.mp4,23:55
3332YQ00.mp4,23:58
3332YQ00.mp4,23:59
3332YR00.mp4,18:16
3332YR00.mp4,18:18
3332YR00.mp4,22:12
3332YR00.mp4,47:24
3332YR00.mp4,50:09
3332YR00.mp4,50:10
3332YR00.mp4,50:52
3332YR00.mp4,50:53
3332YR00.mp4,50:54
3332YR00.mp4,51:39
3332YR00.mp4,51:41
3332YR00.mp4,51:42
3332YR00.mp4,51:43
3332YR00.mp4,51:45
3332YR00.mp4,51:52
3332YR00.mp4,51:54
3332YR00.mp4,51:56
3332YR00.mp4,55:34
3332YR00.mp4,55:37
3332YR01.mp4,01:45
3332YR01.mp4,25:48
3332YS01.mp4,37:12
3332YV01.mp4,25:52
3332YV01.mp4,26:02
3332YV01.mp4,26:03
3332YV01.mp4,26:04
3332YV01.mp4,26:07
3332YV01.mp4,26:12
3332YV01.mp4,26:37
3332YV01.mp4,26:41
3332YV01.mp4,26:43
3332YV01.mp4,26:46
3332YV01.mp4,26:54
3332YV01.mp4,27:50
3332YV01.mp4,27:54
3332YV01.mp4,27:57
3332YV01.mp4,27:58
3332YV01.mp4,27:59
3332YV01.mp4,28:01
3332YV01.mp4,28:16
3332YV01.mp4,28:20
3332YV01.mp4,28:23
3332YV01.mp4,28:24
3332YV01.mp4,28:25
3332YV01.mp4,28:27
3332YV01.mp4,28:37
3332YV01.mp4,28:40
3332YV01.mp4,28:44
3332YV01.mp4,28:45
3332YV01.mp4,41:16
3332YV01.mp4,41:25
3332YV01.mp4,41:26
3332YV01.mp4,41:29
3332YV01.mp4,41:34
3332YV01.mp4,41:35
3332YV01.mp4,41:39
3332YV01.mp4,41:41
3332YV01.mp4,41:43
3332YV01.mp4,41:44
3332YV01.mp4,41:46
3332YV01.mp4,41:48
3332YV01.mp4,41:52
3332YV01.mp4,41:53
3332YV01.mp4,41:56
3332YV01.mp4,41:57
3332YV01.mp4,41:58
3332YV01.mp4,42:04
3332YV01.mp4,42:19
3332YV01.mp4,42:26
3332YV01.mp4,42:27
3332YV01.mp4,42:29
3332YV01.mp4,42:30
3332YV01.mp4,42:31
3332YV01.mp4,42:36
3332YV01.mp4,42:37
3332YV01.mp4,42:40
3332YV01.mp4,43:00
3332YV01.mp4,43:09
3332YV01.mp4,43:17
3332YV01.mp4,43:18
3332YV01.mp4,43:19
3332YV01.mp4,43:21
3332YV01.mp4,43:29
3332YV01.mp4,43:30
3332YV01.mp4,43:31
3332YV01.mp4,43:55
3332YV01.mp4,44:03
3332YV01.mp4,44:10
3332YV01.mp4,44:12
3332YV01.mp4,44:13
3332YV01.mp4,44:17
3332YV01.mp4,44:19
3332YV01.mp4,44:21
3332YV01.mp4,44:44
3332YV01.mp4,44:46
3332YV01.mp4,45:00
3332YV01.mp4,45:01
3332YV01.mp4,45:02
3332YV01.mp4,45:07
3332YV01.mp4,45:09
3332YV01.mp4,45:10
3332YV01.mp4,45:28
3332YV01.mp4,46:03
3332YV01.mp4,46:11
3332YV01.mp4,46:21
3332YV01.mp4,46:22
3332YV01.mp4,46:39
3332YV01.mp4,46:41
3332YV01.mp4,46:42
3332YV01.mp4,46:45
3332YV01.mp4,46:55
3332YV01.mp4,46:57
3332YV01.mp4,47:21
3332YV01.mp4,47:34
3332YV01.mp4,47:50
3332YV01.mp4,47:51
3332YV01.mp4,47:55
3332YV01.mp4,48:15
3332YV01.mp4,48:20
3332YV01.mp4,48:48
3332YV01.mp4,49:03
3332YV01.mp4,49:06
3332YV01.mp4,49:08
3332YV01.mp4,49:15
3332YV01.mp4,49:32
3332YV01.mp4,49:33
3332YV01.mp4,49:34
3332YV01.mp4,49:40
3332YV01.mp4,49:43
3332YV01.mp4,49:44
3332YV01.mp4,16:40
3332YV01.mp4,16:44
3332YV01.mp4,16:45
3332YV01.mp4,16:46
3332YV01.mp4,16:57
3332YV01.mp4,17:11
3332YV01.mp4,17:15
3332YV01.mp4,17:42
3332YV01.mp4,20:44
3332YV01.mp4,20:45
3332YV01.mp4,33:50
3332YV01.mp4,33:52
3332YV01.mp4,34:01
3332YV01.mp4,34:03
3332YV01.mp4,57:25
3332YV01.mp4,57:26
3332YV01.mp4,52:43
3332YW00.mp4,00:26
3332YW00.mp4,03:11
3332YW00.mp4,03:13
3332YW00.mp4,03:29
3332YW00.mp4,03:50
3332YW00.mp4,03:51
3332YW00.mp4,03:55
3332YW00.mp4,05:56
3332YW00.mp4,06:00
3332YW00.mp4,06:03
3332YW00.mp4,06:04
3332YW00.mp4,06:10
3332YW00.mp4,06:12
3332YW00.mp4,06:14
3332YW00.mp4,06:33
3332YW00.mp4,06:37
3332YW00.mp4,06:38
3332YW00.mp4,06:39
3332YW00.mp4,06:44
3332YW00.mp4,06:45
3332YW00.mp4,06:49
3332YW00.mp4,10:01
3332YW00.mp4,10:02
3332YW00.mp4,10:59
3332YW00.mp4,11:01
3332YW00.mp4,16:26
3332YW00.mp4,16:28
3332YW00.mp4,18:42
3332YW00.mp4,23:20
3332YW00.mp4,25:26
3332YW00.mp4,25:31
3332YW00.mp4,26:45
3332YW00.mp4,34:48
3332YW00.mp4,34:50
3332YW00.mp4,34:54
3332YW00.mp4,34:57
3332YW00.mp4,36:04
3332YW00.mp4,36:29
3332YW00.mp4,36:33
3332YW00.mp4,36:46
3332YW00.mp4,40:12
3332YW00.mp4,40:19
3332YW00.mp4,40:32
3332YW00.mp4,40:43
3332YW00.mp4,40:50
3332YW00.mp4,40:51
3332YW00.mp4,40:53
3332YW00.mp4,41:12
3332YW00.mp4,41:14
3332YW00.mp4,41:15
3332YW00.mp4,41:55
3332YW00.mp4,41:59
3332YW00.mp4,42:02
3332YW00.mp4,42:04
3332YW00.mp4,42:05
3332YW00.mp4,42:06
3332YW00.mp4,42:10
3332YW00.mp4,42:22
3332YW00.mp4,42:27
3332YW00.mp4,42:30
3332YW00.mp4,42:38
3332YW00.mp4,42:47
3332YW00.mp4,42:57
3332YW00.mp4,42:59
3332YW00.mp4,43:00
3332YW00.mp4,43:04
3332YW00.mp4,43:19
3332YW00.mp4,43:22
3332YW00.mp4,43:27
3332YW00.mp4,43:30
3332YW00.mp4,48:05
3332YW00.mp4,53:56
3332YW00.mp4,57:01
3332YW00.mp4,02:54
3332YW00.mp4,06:27
3332YW00.mp4,07:08
3332YW00.mp4,10:25
3332YW00.mp4,10:30
3332YW00.mp4,10:31
3332YW00.mp4,10:38
3332YW00.mp4,11:25
3332YW00.mp4,11:26
3332YW00.mp4,11:29
3332YW00.mp4,11:31
3332YW00.mp4,12:35
3332YW00.mp4,12:46
3332YW00.mp4,17:05
3332YW00.mp4,17:13
3332YW00.mp4,18:10
3332YW00.mp4,21:08
3332YW00.mp4,23:11
3332YW00.mp4,23:13
3332YW00.mp4,24:28
3332YW00.mp4,24:29
3332YW00.mp4,26:58
3332YW00.mp4,27:57
3332YW00.mp4,29:23
3332YW00.mp4,50:32
3332YW00.mp4,58:24
3332YW00.mp4,05:37
3332YW00.mp4,06:30
3332YW00.mp4,24:33
3332YW00.mp4,25:10
3332YW00.mp4,30:45
3332YW00.mp4,34:33
3332YW00.mp4,45:06
3332YW00.mp4,52:22
3332YW00.mp4,52:23
3332YW00.mp4,53:54
3332YW00.mp4,53:59
3332YW00.mp4,54:00
3332YW00.mp4,54:07
3332YW00.mp4,54:09
3332YW00.mp4,54:12
3332YW00.mp4,54:57
3332YW01.mp4,00:15
3332YW01.mp4,02:01
3332YW01.mp4,06:35
3332YW01.mp4,06:40
3332YW01.mp4,06:49
3332YW01.mp4,06:58
3332YW01.mp4,07:38
3332YW01.mp4,09:09
3332YW01.mp4,09:16
3332YW01.mp4,09:19
3332YW01.mp4,10:09
3332YW01.mp4,10:37
3332YW01.mp4,10:39
3332YW01.mp4,10:42
3332YW01.mp4,10:45
3332YW01.mp4,10:50
3332YW01.mp4,10:56
3332YW01.mp4,11:01
3332YW01.mp4,11:11
3332YW01.mp4,11:17
3332YW01.mp4,11:27
3332YW01.mp4,11:33
3332YW01.mp4,11:38
3332YW01.mp4,12:09
3332YW01.mp4,12:18
3332YW01.mp4,12:21
3332YW01.mp4,12:24
3332YW01.mp4,12:26
3332YW01.mp4,12:45
3332YW01.mp4,12:46
3332YW01.mp4,12:51
3332YW01.mp4,13:02
3332YW01.mp4,13:04
3332YW01.mp4,13:05
3332YW01.mp4,13:08
3332YW01.mp4,13:25
3332YW01.mp4,13:26
3332YW01.mp4,13:49
3332YW01.mp4,13:54
3332YW01.mp4,14:26
3332YW01.mp4,14:30
3332YW01.mp4,14:38
3332YW01.mp4,14:44
3332YW01.mp4,14:46
3332YW01.mp4,14:48
3332YW01.mp4,14:49
3332YW01.mp4,14:50
3332YW01.mp4,15:20
3332YW01.mp4,15:24
3332YW01.mp4,17:29
3332YW01.mp4,18:12
3332YW01.mp4,18:16
3332YW01.mp4,18:22
3332YW01.mp4,20:34
3332YW01.mp4,29:30
3332YW01.mp4,29:31
3332YW01.mp4,30:00
3332YW01.mp4,30:29
3332YW01.mp4,31:10
3332YW01.mp4,31:14
3332YW01.mp4,31:15
3332YW01.mp4,31:17
3332YW01.mp4,32:05
3332YW01.mp4,42:17
3332YW01.mp4,42:44
3332YW01.mp4,45:40
3332YW01.mp4,57:17
3332YW01.mp4,57:39
3332YW01.mp4,58:44
3332YW01.mp4,39:25
3332YW01.mp4,40:57
3332YW01.mp4,41:00
3332YW01.mp4,41:01
3332YW01.mp4,41:02
3332YW01.mp4,41:13
3332YW01.mp4,52:11
3332YW01.mp4,52:21
3332YW01.mp4,54:48
3332YW01.mp4,49:06
3332YX00.mp4,12:36
3332YX00.mp4,41:54
3332YX00.mp4,41:55
3332YX00.mp4,42:45
3332YX00.mp4,42:46
3332YX00.mp4,42:58
3332YX00.mp4,15:05
3332YX00.mp4,16:46
3332YX00.mp4,32:11
3332YX00.mp4,32:13
3332YX00.mp4,38:23
3332YX00.mp4,39:20
3332YX00.mp4,39:21
3332YX00.mp4,43:23
3332YX00.mp4,43:32
3332YX00.mp4,43:50
3332YX00.mp4,27:39
3332YX00.mp4,27:42
3332YX00.mp4,42:00
3332YX01.mp4,05:14
3332YX01.mp4,13:27
3332YX01.mp4,13:34
3332YX01.mp4,13:35
3332YX01.mp4,13:36
3332YX01.mp4,13:45
3332YX01.mp4,14:35
3332YX01.mp4,14:36
3332YX01.mp4,14:39
3332YX01.mp4,19:08
3332YX01.mp4,32:49
3332YX01.mp4,32:51
3332YX01.mp4,39:44
3332YX01.mp4,39:49
3332YX01.mp4,06:23
3332YX01.mp4,06:28
3332YX01.mp4,06:36
3332YX01.mp4,08:08
3332YX01.mp4,08:09
3332YX01.mp4,08:14
3332YX01.mp4,08:15
3332YX01.mp4,08:16
3332YX01.mp4,08:17
3332YX01.mp4,08:23
3332YX01.mp4,08:24
3332YX01.mp4,08:25
3332YX01.mp4,09:07
3332YX01.mp4,09:09
3332YX01.mp4,09:23
3332YX01.mp4,10:15
3332YX01.mp4,10:17
3332YX01.mp4,10:19
3332YX01.mp4,10:24
3332YX01.mp4,10:25
3332YX01.mp4,10:26
3332YX01.mp4,10:28
3332YX01.mp4,10:31
3332YX01.mp4,18:49
3332YX01.mp4,19:00
3332YX01.mp4,19:37
3332YX01.mp4,19:39
3332YX01.mp4,19:40
3332YX01.mp4,34:25
3332YX01.mp4,34:26
3332YX01.mp4,37:09
3332YX01.mp4,37:14
3332YX01.mp4,37:17
3332YX01.mp4,37:54
3332YX01.mp4,55:23
3332YX01.mp4,55:26
3332YX01.mp4,55:34
3332YX01.mp4,56:01
3332YY00.mp4,44:14
3332YY00.mp4,00:54
3332YY00.mp4,00:56
3332YY00.mp4,07:02
3332YY00.mp4,07:03
3332YY00.mp4,07:07
3332YY00.mp4,24:18
3332Z100.mp4,26:20
3332Z100.mp4,41:35
